INSERT into Kraj (posta, postna_st) values ('Adlešiči', '8341');
INSERT into Kraj (posta, postna_st) values ('Ajdovščina', '5270');
INSERT into Kraj (posta, postna_st) values ('Ankaran - Ancarano', '6280');
INSERT into Kraj (posta, postna_st) values ('Apače', '9253');
INSERT into Kraj (posta, postna_st) values ('Artiče', '8253');
INSERT into Kraj (posta, postna_st) values ('Begunje na Gorenjskem', '4275');
INSERT into Kraj (posta, postna_st) values ('Begunje pri Cerknici', '1382');
INSERT into Kraj (posta, postna_st) values ('Beltinci', '9231');
INSERT into Kraj (posta, postna_st) values ('Benedikt', '2234');
INSERT into Kraj (posta, postna_st) values ('Bistrica ob Dravi', '2345');
INSERT into Kraj (posta, postna_st) values ('Bistrica ob Sotli', '3256');
INSERT into Kraj (posta, postna_st) values ('Bizeljsko', '8259');
INSERT into Kraj (posta, postna_st) values ('Blagovica', '1223');
INSERT into Kraj (posta, postna_st) values ('Blanca', '8283');
INSERT into Kraj (posta, postna_st) values ('Bled', '4260');
INSERT into Kraj (posta, postna_st) values ('Blejska Dobrava', '4273');
INSERT into Kraj (posta, postna_st) values ('Bodonci', '9265');
INSERT into Kraj (posta, postna_st) values ('Bogojina', '9222');
INSERT into Kraj (posta, postna_st) values ('Bohinjska Bela', '4263');
INSERT into Kraj (posta, postna_st) values ('Bohinjska Bistrica', '4264');
INSERT into Kraj (posta, postna_st) values ('Bohinjsko jezero', '4265');
INSERT into Kraj (posta, postna_st) values ('Borovnica', '1353');
INSERT into Kraj (posta, postna_st) values ('Boštanj', '8294');
INSERT into Kraj (posta, postna_st) values ('Bovec', '5230');
INSERT into Kraj (posta, postna_st) values ('Branik', '5295');
INSERT into Kraj (posta, postna_st) values ('Braslovče', '3314');
INSERT into Kraj (posta, postna_st) values ('Breginj', '5223');
INSERT into Kraj (posta, postna_st) values ('Brestanica', '8280');
INSERT into Kraj (posta, postna_st) values ('Bresternica', '2354');
INSERT into Kraj (posta, postna_st) values ('Brezje', '4243');
INSERT into Kraj (posta, postna_st) values ('Brezovica pri Ljubljani', '1351');
INSERT into Kraj (posta, postna_st) values ('Brežice', '8250');
INSERT into Kraj (posta, postna_st) values ('Brnik - aerodrom', '4210');
INSERT into Kraj (posta, postna_st) values ('Brusnice', '8321');
INSERT into Kraj (posta, postna_st) values ('Buče', '3255');
INSERT into Kraj (posta, postna_st) values ('Bučka', '8276');
INSERT into Kraj (posta, postna_st) values ('Cankova', '9261');
INSERT into Kraj (posta, postna_st) values ('Celje Merkur', '3505');
INSERT into Kraj (posta, postna_st) values ('Celje Pošta Slovenije d.o.o., PE Celje', '3600');
INSERT into Kraj (posta, postna_st) values ('Celje', '3000');
INSERT into Kraj (posta, postna_st) values ('Celje', '3001');
INSERT into Kraj (posta, postna_st) values ('Cerklje na Gorenjskem', '4207');
INSERT into Kraj (posta, postna_st) values ('Cerklje ob Krki', '8263');
INSERT into Kraj (posta, postna_st) values ('Cerknica', '1380');
INSERT into Kraj (posta, postna_st) values ('Cerkno', '5282');
INSERT into Kraj (posta, postna_st) values ('Cerkvenjak', '2236');
INSERT into Kraj (posta, postna_st) values ('Ceršak', '2215');
INSERT into Kraj (posta, postna_st) values ('Cirkovce', '2326');
INSERT into Kraj (posta, postna_st) values ('Cirkulane', '2282');
INSERT into Kraj (posta, postna_st) values ('Col', '5273');
INSERT into Kraj (posta, postna_st) values ('Čatež ob Savi', '8251');
INSERT into Kraj (posta, postna_st) values ('Čemšenik', '1413');
INSERT into Kraj (posta, postna_st) values ('Čepovan', '5253');
INSERT into Kraj (posta, postna_st) values ('Črenšovci', '9232');
INSERT into Kraj (posta, postna_st) values ('Črna na Koroškem', '2393');
INSERT into Kraj (posta, postna_st) values ('Črni Kal', '6275');
INSERT into Kraj (posta, postna_st) values ('Črni Vrh nad Idrijo', '5274');
INSERT into Kraj (posta, postna_st) values ('Črniče', '5262');
INSERT into Kraj (posta, postna_st) values ('Črnomelj', '8340');
INSERT into Kraj (posta, postna_st) values ('Dekani', '6271');
INSERT into Kraj (posta, postna_st) values ('Deskle', '5210');
INSERT into Kraj (posta, postna_st) values ('Destrnik', '2253');
INSERT into Kraj (posta, postna_st) values ('Divača', '6215');
INSERT into Kraj (posta, postna_st) values ('Dob', '1233');
INSERT into Kraj (posta, postna_st) values ('Dobje pri Planini', '3224');
INSERT into Kraj (posta, postna_st) values ('Dobova', '8257');
INSERT into Kraj (posta, postna_st) values ('Dobovec', '1423');
INSERT into Kraj (posta, postna_st) values ('Dobravlje', '5263');
INSERT into Kraj (posta, postna_st) values ('Dobrna', '3204');
INSERT into Kraj (posta, postna_st) values ('Dobrnič', '8211');
INSERT into Kraj (posta, postna_st) values ('Dobrova', '1356');
INSERT into Kraj (posta, postna_st) values ('Dobrovnik - Dobronak', '9223');
INSERT into Kraj (posta, postna_st) values ('Dobrovo v Brdih', '5212');
INSERT into Kraj (posta, postna_st) values ('Dol pri Hrastniku', '1431');
INSERT into Kraj (posta, postna_st) values ('Dol pri Ljubljani', '1262');
INSERT into Kraj (posta, postna_st) values ('Dole pri Litiji', '1273');
INSERT into Kraj (posta, postna_st) values ('Dolenja vas', '1331');
INSERT into Kraj (posta, postna_st) values ('Dolenjske Toplice', '8350');
INSERT into Kraj (posta, postna_st) values ('Domžale', '1230');
INSERT into Kraj (posta, postna_st) values ('Dornava', '2252');
INSERT into Kraj (posta, postna_st) values ('Dornberk', '5294');
INSERT into Kraj (posta, postna_st) values ('Draga', '1319');
INSERT into Kraj (posta, postna_st) values ('Dragatuš', '8343');
INSERT into Kraj (posta, postna_st) values ('Dramlje', '3222');
INSERT into Kraj (posta, postna_st) values ('Dravograd', '2370');
INSERT into Kraj (posta, postna_st) values ('Duplje', '4203');
INSERT into Kraj (posta, postna_st) values ('Dutovlje', '6221');
INSERT into Kraj (posta, postna_st) values ('Dvor', '8361');
INSERT into Kraj (posta, postna_st) values ('Fala', '2343');
INSERT into Kraj (posta, postna_st) values ('Fokovci', '9208');
INSERT into Kraj (posta, postna_st) values ('Fram', '2313');
INSERT into Kraj (posta, postna_st) values ('Frankolovo', '3213');
INSERT into Kraj (posta, postna_st) values ('Gabrovka', '1274');
INSERT into Kraj (posta, postna_st) values ('Globoko', '8254');
INSERT into Kraj (posta, postna_st) values ('Godovič', '5275');
INSERT into Kraj (posta, postna_st) values ('Golnik', '4204');
INSERT into Kraj (posta, postna_st) values ('Gomilsko', '3303');
INSERT into Kraj (posta, postna_st) values ('Gorenja vas', '4224');
INSERT into Kraj (posta, postna_st) values ('Gorica pri Slivnici', '3263');
INSERT into Kraj (posta, postna_st) values ('Gorišnica', '2272');
INSERT into Kraj (posta, postna_st) values ('Gornja Radgona', '9250');
INSERT into Kraj (posta, postna_st) values ('Gornji Grad', '3342');
INSERT into Kraj (posta, postna_st) values ('Gozd Martuljek', '4282');
INSERT into Kraj (posta, postna_st) values ('Gračišče', '6272');
INSERT into Kraj (posta, postna_st) values ('Grad', '9264');
INSERT into Kraj (posta, postna_st) values ('Gradac', '8332');
INSERT into Kraj (posta, postna_st) values ('Grahovo', '1384');
INSERT into Kraj (posta, postna_st) values ('Grahovo ob Bači', '5242');
INSERT into Kraj (posta, postna_st) values ('Grgar', '5251');
INSERT into Kraj (posta, postna_st) values ('Griže', '3302');
INSERT into Kraj (posta, postna_st) values ('Grobelno', '3231');
INSERT into Kraj (posta, postna_st) values ('Grosuplje', '1290');
INSERT into Kraj (posta, postna_st) values ('Hajdina', '2288');
INSERT into Kraj (posta, postna_st) values ('Hinje', '8362');
INSERT into Kraj (posta, postna_st) values ('Hoče', '2311');
INSERT into Kraj (posta, postna_st) values ('Hodoš - Hodos', '9205');
INSERT into Kraj (posta, postna_st) values ('Horjul', '1354');
INSERT into Kraj (posta, postna_st) values ('Hotedršica', '1372');
INSERT into Kraj (posta, postna_st) values ('Hrastnik', '1430');
INSERT into Kraj (posta, postna_st) values ('Hruševje', '6225');
INSERT into Kraj (posta, postna_st) values ('Hrušica', '4276');
INSERT into Kraj (posta, postna_st) values ('Idrija', '5280');
INSERT into Kraj (posta, postna_st) values ('Ig', '1292');
INSERT into Kraj (posta, postna_st) values ('Ilirska Bistrica', '6250');
INSERT into Kraj (posta, postna_st) values ('Ilirska Bistrica - Trnovo', '6251');
INSERT into Kraj (posta, postna_st) values ('Ivančna Gorica', '1295');
INSERT into Kraj (posta, postna_st) values ('Ivanjkovci', '2259');
INSERT into Kraj (posta, postna_st) values ('Izlake', '1411');
INSERT into Kraj (posta, postna_st) values ('Izola - Isola', '6310');
INSERT into Kraj (posta, postna_st) values ('Jakobski Dol', '2222');
INSERT into Kraj (posta, postna_st) values ('Jarenina', '2221');
INSERT into Kraj (posta, postna_st) values ('Jelšane', '6254');
INSERT into Kraj (posta, postna_st) values ('Jesenice', '4270');
INSERT into Kraj (posta, postna_st) values ('Jesenice na Dolenjskem', '8261');
INSERT into Kraj (posta, postna_st) values ('Jurklošter', '3273');
INSERT into Kraj (posta, postna_st) values ('Jurovski Dol', '2223');
INSERT into Kraj (posta, postna_st) values ('Juršinci', '2256');
INSERT into Kraj (posta, postna_st) values ('Kal nad Kanalom', '5214');
INSERT into Kraj (posta, postna_st) values ('Kalobje', '3233');
INSERT into Kraj (posta, postna_st) values ('Kamna Gorica', '4246');
INSERT into Kraj (posta, postna_st) values ('Kamnica', '2351');
INSERT into Kraj (posta, postna_st) values ('Kamnik', '1241');
INSERT into Kraj (posta, postna_st) values ('Kanal', '5213');
INSERT into Kraj (posta, postna_st) values ('Kapele', '8258');
INSERT into Kraj (posta, postna_st) values ('Kapla', '2362');
INSERT into Kraj (posta, postna_st) values ('Kidričevo', '2325');
INSERT into Kraj (posta, postna_st) values ('Kisovec', '1412');
INSERT into Kraj (posta, postna_st) values ('Knežak', '6253');
INSERT into Kraj (posta, postna_st) values ('Kobarid', '5222');
INSERT into Kraj (posta, postna_st) values ('Kobilje', '9227');
INSERT into Kraj (posta, postna_st) values ('Kočevje', '1330');
INSERT into Kraj (posta, postna_st) values ('Kočevska Reka', '1338');
INSERT into Kraj (posta, postna_st) values ('Kog', '2276');
INSERT into Kraj (posta, postna_st) values ('Kojsko', '5211');
INSERT into Kraj (posta, postna_st) values ('Komen', '6223');
INSERT into Kraj (posta, postna_st) values ('Komenda', '1218');
INSERT into Kraj (posta, postna_st) values ('Koper - Capodistria Luka Koper', '6501');
INSERT into Kraj (posta, postna_st) values ('Koper - Capodistria Banka Koper', '6502');
INSERT into Kraj (posta, postna_st) values ('Koper - Capodistria Adriatic zavarovalna družba', '6503');
INSERT into Kraj (posta, postna_st) values ('Koper - Capodistria Intereuropa Koper', '6504');
INSERT into Kraj (posta, postna_st) values ('Koper - Capodistria Pošta Slovenije d.o.o., PE Koper', '6600');
INSERT into Kraj (posta, postna_st) values ('Koper - Capodistria', '6000');
INSERT into Kraj (posta, postna_st) values ('Koper - Capodistria', '6001');
INSERT into Kraj (posta, postna_st) values ('Koper - Capodistria Pošta Slovenije d.o.o., PPP Koper', '6200');
INSERT into Kraj (posta, postna_st) values ('Koprivnica', '8282');
INSERT into Kraj (posta, postna_st) values ('Kostanjevica na Krasu', '5296');
INSERT into Kraj (posta, postna_st) values ('Kostanjevica na Krki', '8311');
INSERT into Kraj (posta, postna_st) values ('Kostel', '1336');
INSERT into Kraj (posta, postna_st) values ('Košana', '6256');
INSERT into Kraj (posta, postna_st) values ('Kotlje', '2394');
INSERT into Kraj (posta, postna_st) values ('Kozina', '6240');
INSERT into Kraj (posta, postna_st) values ('Kozje', '3260');
INSERT into Kraj (posta, postna_st) values ('Kranj Sava', '4502');
INSERT into Kraj (posta, postna_st) values ('Kranj Pošta Slovenije d.o.o., PE Kranj', '4600');
INSERT into Kraj (posta, postna_st) values ('Kranj', '4000');
INSERT into Kraj (posta, postna_st) values ('Kranj', '4001');
INSERT into Kraj (posta, postna_st) values ('Kranj Pošta Slovenije d.o.o, PPP Šenčur', '4200');
INSERT into Kraj (posta, postna_st) values ('Kranjska Gora', '4280');
INSERT into Kraj (posta, postna_st) values ('Kresnice', '1281');
INSERT into Kraj (posta, postna_st) values ('Križe', '4294');
INSERT into Kraj (posta, postna_st) values ('Križevci', '9206');
INSERT into Kraj (posta, postna_st) values ('Križevci pri Ljutomeru', '9242');
INSERT into Kraj (posta, postna_st) values ('Krka', '1301');
INSERT into Kraj (posta, postna_st) values ('Krmelj', '8296');
INSERT into Kraj (posta, postna_st) values ('Kropa', '4245');
INSERT into Kraj (posta, postna_st) values ('Krška vas', '8262');
INSERT into Kraj (posta, postna_st) values ('Krško', '8270');
INSERT into Kraj (posta, postna_st) values ('Kuzma', '9263');
INSERT into Kraj (posta, postna_st) values ('Laporje', '2318');
INSERT into Kraj (posta, postna_st) values ('Laško', '3270');
INSERT into Kraj (posta, postna_st) values ('Laze v Tuhinju', '1219');
INSERT into Kraj (posta, postna_st) values ('Lenart v Slovenskih goricah', '2230');
INSERT into Kraj (posta, postna_st) values ('Lendava - Lendva', '9220');
INSERT into Kraj (posta, postna_st) values ('Lesce', '4248');
INSERT into Kraj (posta, postna_st) values ('Lesično', '3261');
INSERT into Kraj (posta, postna_st) values ('Leskovec pri Krškem', '8273');
INSERT into Kraj (posta, postna_st) values ('Libeliče', '2372');
INSERT into Kraj (posta, postna_st) values ('Limbuš', '2341');
INSERT into Kraj (posta, postna_st) values ('Litija', '1270');
INSERT into Kraj (posta, postna_st) values ('Ljubečna', '3202');
INSERT into Kraj (posta, postna_st) values ('Ljubljana', '1000');
INSERT into Kraj (posta, postna_st) values ('Ljubljana', '1001');
INSERT into Kraj (posta, postna_st) values ('Ljubljana - Ministrstvo za notranje zadeve', '1501');
INSERT into Kraj (posta, postna_st) values ('Ljubljana - Ministrstvo za finance', '1502');
INSERT into Kraj (posta, postna_st) values ('Ljubljana - Okrožno sodišče v Ljubljani', '1503');
INSERT into Kraj (posta, postna_st) values ('Ljubljana - Gospodarska zbornica Slovenije', '1504');
INSERT into Kraj (posta, postna_st) values ('Ljubljana - Banka Slovenije', '1505');
INSERT into Kraj (posta, postna_st) values ('Ljubljana - Slovenske železnice', '1506');
INSERT into Kraj (posta, postna_st) values ('Ljubljana - Zavod za zdrav. zav. Slov.', '1507');
INSERT into Kraj (posta, postna_st) values ('Ljubljana - Delo', '1509');
INSERT into Kraj (posta, postna_st) values ('Ljubljana - Dnevnik', '1510');
INSERT into Kraj (posta, postna_st) values ('Ljubljana - Slovenijales', '1511');
INSERT into Kraj (posta, postna_st) values ('Ljubljana - Cankarjeva založba', '1512');
INSERT into Kraj (posta, postna_st) values ('Ljubljana - SKB banka', '1513');
INSERT into Kraj (posta, postna_st) values ('Ljubljana - Kompas', '1514');
INSERT into Kraj (posta, postna_st) values ('Ljubljana - Elektro Ljubljana', '1516');
INSERT into Kraj (posta, postna_st) values ('Ljubljana - Abanka Vipa', '1517');
INSERT into Kraj (posta, postna_st) values ('Ljubljana - Zavod za pokoj. in inval. zav. Slov.', '1518');
INSERT into Kraj (posta, postna_st) values ('Ljubljana - SPL Ljubljana', '1519');
INSERT into Kraj (posta, postna_st) values ('Ljubljana - Nova Ljubljanska banka', '1520');
INSERT into Kraj (posta, postna_st) values ('Ljubljana - Iskra invest', '1521');
INSERT into Kraj (posta, postna_st) values ('Ljubljana - Chemo', '1522');
INSERT into Kraj (posta, postna_st) values ('Ljubljana - Carinska uprava Republike Slovenije', '1523');
INSERT into Kraj (posta, postna_st) values ('Ljubljana - Carinarnica Ljubljana', '1524');
INSERT into Kraj (posta, postna_st) values ('Ljubljana - Klinični center Ljubljana', '1525');
INSERT into Kraj (posta, postna_st) values ('Ljubljana - Lek', '1526');
INSERT into Kraj (posta, postna_st) values ('Ljubljana - Petrol', '1527');
INSERT into Kraj (posta, postna_st) values ('Ljubljana - Emona', '1528');
INSERT into Kraj (posta, postna_st) values ('Ljubljana - Žito', '1529');
INSERT into Kraj (posta, postna_st) values ('Ljubljana - Salamonov oglasnik', '1532');
INSERT into Kraj (posta, postna_st) values ('Ljubljana - BTC', '1533');
INSERT into Kraj (posta, postna_st) values ('Ljubljana - Okrajno sodišče v Ljubljani', '1534');
INSERT into Kraj (posta, postna_st) values ('Ljubljana - Ministrstvo za promet', '1535');
INSERT into Kraj (posta, postna_st) values ('Ljubljana - Mladinska knjiga Založba', '1536');
INSERT into Kraj (posta, postna_st) values ('Ljubljana - Mobitel, d.d.', '1537');
INSERT into Kraj (posta, postna_st) values ('Ljubljana - DZS', '1538');
INSERT into Kraj (posta, postna_st) values ('Ljubljana - EPPS, Elektron. pismo Pošte Slov.', '1540');
INSERT into Kraj (posta, postna_st) values ('Ljubljana - KDD - Centralna klirinško depotna družba', '1542');
INSERT into Kraj (posta, postna_st) values ('Ljubljana - Športna loterija', '1543');
INSERT into Kraj (posta, postna_st) values ('Ljubljana - Kolinska', '1544');
INSERT into Kraj (posta, postna_st) values ('Ljubljana - Kanal A', '1545');
INSERT into Kraj (posta, postna_st) values ('Ljubljana - Telekom Slovenije', '1546');
INSERT into Kraj (posta, postna_st) values ('Ljubljana - Telekom Slovenije, PE Ljubljana', '1547');
INSERT into Kraj (posta, postna_st) values ('Ljubljana - RTV Slovenija', '1550');
INSERT into Kraj (posta, postna_st) values ('Ljubljana - Pošta Slovenije d.o.o., PE Ljubljana', '1600');
INSERT into Kraj (posta, postna_st) values ('Ljubljana - carinska pošta', '1004');
INSERT into Kraj (posta, postna_st) values ('Ljubljana - Črnuče', '1231');
INSERT into Kraj (posta, postna_st) values ('Ljubljana - Dobrunje', '1261');
INSERT into Kraj (posta, postna_st) values ('Ljubljana - Polje', '1260');
INSERT into Kraj (posta, postna_st) values ('Ljubljana - poštni center', '1002');
INSERT into Kraj (posta, postna_st) values ('Ljubljana - Šentvid', '1210');
INSERT into Kraj (posta, postna_st) values ('Ljubljana - Šmartno', '1211');
INSERT into Kraj (posta, postna_st) values ('Ljubno ob Savinji', '3333');
INSERT into Kraj (posta, postna_st) values ('Ljutomer', '9240');
INSERT into Kraj (posta, postna_st) values ('Loče', '3215');
INSERT into Kraj (posta, postna_st) values ('Log pod Mangartom', '5231');
INSERT into Kraj (posta, postna_st) values ('Log pri Brezovici', '1358');
INSERT into Kraj (posta, postna_st) values ('Logatec', '1370');
INSERT into Kraj (posta, postna_st) values ('Loka pri Zidanem Mostu', '1434');
INSERT into Kraj (posta, postna_st) values ('Loka pri Žusmu', '3223');
INSERT into Kraj (posta, postna_st) values ('Lokev', '6219');
INSERT into Kraj (posta, postna_st) values ('Loški Potok', '1318');
INSERT into Kraj (posta, postna_st) values ('Lovrenc na Dravskem polju', '2324');
INSERT into Kraj (posta, postna_st) values ('Lovrenc na Pohorju', '2344');
INSERT into Kraj (posta, postna_st) values ('Luče', '3334');
INSERT into Kraj (posta, postna_st) values ('Lukovica', '1225');
INSERT into Kraj (posta, postna_st) values ('Mačkovci', '9202');
INSERT into Kraj (posta, postna_st) values ('Majšperk', '2322');
INSERT into Kraj (posta, postna_st) values ('Makole', '2321');
INSERT into Kraj (posta, postna_st) values ('Mala Nedelja', '9243');
INSERT into Kraj (posta, postna_st) values ('Malečnik', '2229');
INSERT into Kraj (posta, postna_st) values ('Marezige', '6273');
INSERT into Kraj (posta, postna_st) values ('Maribor - Okrajno sodišče v Mariboru', '2508');
INSERT into Kraj (posta, postna_st) values ('Maribor', '2000');
INSERT into Kraj (posta, postna_st) values ('Maribor', '2001');
INSERT into Kraj (posta, postna_st) values ('Maribor - Pošta Slovenije d.o.o.', '2500');
INSERT into Kraj (posta, postna_st) values ('Maribor - Upravna enota Maribor', '2501');
INSERT into Kraj (posta, postna_st) values ('Maribor - Davčna uprava RS, izpostava Maribor', '2502');
INSERT into Kraj (posta, postna_st) values ('Maribor - Okrajno in okrožno sodišče v Mariboru', '2503');
INSERT into Kraj (posta, postna_st) values ('Maribor - Večer', '2504');
INSERT into Kraj (posta, postna_st) values ('Maribor - Nova Kreditna banka Maribor', '2505');
INSERT into Kraj (posta, postna_st) values ('Maribor - Henkel Slovenija', '2506');
INSERT into Kraj (posta, postna_st) values ('Maribor - Zavarovalnica Maribor', '2507');
INSERT into Kraj (posta, postna_st) values ('Maribor - Elektro Maribor', '2509');
INSERT into Kraj (posta, postna_st) values ('Maribor - Pošta Slovenije d.o.o., PE Maribor', '2600');
INSERT into Kraj (posta, postna_st) values ('Maribor - Pošta Slovenije d.o.o., Skladišče Maribor', '2603');
INSERT into Kraj (posta, postna_st) values ('Maribor - Pošta Slovenije d.o.o., Paketni ekspedit', '2609');
INSERT into Kraj (posta, postna_st) values ('Maribor - Pošta Slovenije d.o.o., Centralna RA pisarna', '2610');
INSERT into Kraj (posta, postna_st) values ('Maribor - poštni center', '2002');
INSERT into Kraj (posta, postna_st) values ('Marjeta na Dravskem polju', '2206');
INSERT into Kraj (posta, postna_st) values ('Markovci', '2281');
INSERT into Kraj (posta, postna_st) values ('Martjanci', '9221');
INSERT into Kraj (posta, postna_st) values ('Materija', '6242');
INSERT into Kraj (posta, postna_st) values ('Mavčiče', '4211');
INSERT into Kraj (posta, postna_st) values ('Medvode', '1215');
INSERT into Kraj (posta, postna_st) values ('Mengeš', '1234');
INSERT into Kraj (posta, postna_st) values ('Metlika', '8330');
INSERT into Kraj (posta, postna_st) values ('Mežica', '2392');
INSERT into Kraj (posta, postna_st) values ('Miklavž na Dravskem polju', '2204');
INSERT into Kraj (posta, postna_st) values ('Miklavž pri Ormožu', '2275');
INSERT into Kraj (posta, postna_st) values ('Miren', '5291');
INSERT into Kraj (posta, postna_st) values ('Mirna', '8233');
INSERT into Kraj (posta, postna_st) values ('Mirna Peč', '8216');
INSERT into Kraj (posta, postna_st) values ('Mislinja', '2382');
INSERT into Kraj (posta, postna_st) values ('Mojstrana', '4281');
INSERT into Kraj (posta, postna_st) values ('Mokronog', '8230');
INSERT into Kraj (posta, postna_st) values ('Moravče', '1251');
INSERT into Kraj (posta, postna_st) values ('Moravske Toplice', '9226');
INSERT into Kraj (posta, postna_st) values ('Most na Soči', '5216');
INSERT into Kraj (posta, postna_st) values ('Motnik', '1221');
INSERT into Kraj (posta, postna_st) values ('Mozirje', '3330');
INSERT into Kraj (posta, postna_st) values ('Murska Sobota - Pošta Slovenije d.o.o., PE Murska Sobota', '9600');
INSERT into Kraj (posta, postna_st) values ('Murska Sobota - Mura', '9501');
INSERT into Kraj (posta, postna_st) values ('Murska Sobota', '9000');
INSERT into Kraj (posta, postna_st) values ('Murska Sobota', '9001');
INSERT into Kraj (posta, postna_st) values ('Muta', '2366');
INSERT into Kraj (posta, postna_st) values ('Naklo', '4202');
INSERT into Kraj (posta, postna_st) values ('Naklo - Merkur', '4501');
INSERT into Kraj (posta, postna_st) values ('Nazarje', '3331');
INSERT into Kraj (posta, postna_st) values ('Notranje Gorice', '1357');
INSERT into Kraj (posta, postna_st) values ('Nova Cerkev', '3203');
INSERT into Kraj (posta, postna_st) values ('Nova Gorica', '5000');
INSERT into Kraj (posta, postna_st) values ('Nova Gorica', '5001');
INSERT into Kraj (posta, postna_st) values ('Nova Gorica - Pošta Slovenije d.o.o., PE Nova Gorica', '5600');
INSERT into Kraj (posta, postna_st) values ('Nova mesto - Pošta Slovenije d.o.o., PE Novo mesto', '8600');
INSERT into Kraj (posta, postna_st) values ('Nova vas', '1385');
INSERT into Kraj (posta, postna_st) values ('Novo mesto - Krka', '8501');
INSERT into Kraj (posta, postna_st) values ('Novo mesto', '8000');
INSERT into Kraj (posta, postna_st) values ('Novo mesto', '8001');
INSERT into Kraj (posta, postna_st) values ('Obrov', '6243');
INSERT into Kraj (posta, postna_st) values ('Odranci', '9233');
INSERT into Kraj (posta, postna_st) values ('Oplotnica', '2317');
INSERT into Kraj (posta, postna_st) values ('Orehova vas', '2312');
INSERT into Kraj (posta, postna_st) values ('Ormož', '2270');
INSERT into Kraj (posta, postna_st) values ('Ortnek', '1316');
INSERT into Kraj (posta, postna_st) values ('Osilnica', '1337');
INSERT into Kraj (posta, postna_st) values ('Otočec', '8222');
INSERT into Kraj (posta, postna_st) values ('Ožbalt', '2361');
INSERT into Kraj (posta, postna_st) values ('Pernica', '2231');
INSERT into Kraj (posta, postna_st) values ('Pesnica pri Mariboru', '2211');
INSERT into Kraj (posta, postna_st) values ('Petrovci', '9203');
INSERT into Kraj (posta, postna_st) values ('Petrovče', '3301');
INSERT into Kraj (posta, postna_st) values ('Piran - Pirano', '6330');
INSERT into Kraj (posta, postna_st) values ('Pišece', '8255');
INSERT into Kraj (posta, postna_st) values ('Pivka', '6257');
INSERT into Kraj (posta, postna_st) values ('Planina', '6232');
INSERT into Kraj (posta, postna_st) values ('Planina pri Sevnici', '3225');
INSERT into Kraj (posta, postna_st) values ('Pobegi', '6276');
INSERT into Kraj (posta, postna_st) values ('Podbočje', '8312');
INSERT into Kraj (posta, postna_st) values ('Podbrdo', '5243');
INSERT into Kraj (posta, postna_st) values ('Podčetrtek', '3254');
INSERT into Kraj (posta, postna_st) values ('Podgorci', '2273');
INSERT into Kraj (posta, postna_st) values ('Podgorje', '6216');
INSERT into Kraj (posta, postna_st) values ('Podgorje pri Slovenj Gradcu', '2381');
INSERT into Kraj (posta, postna_st) values ('Podgrad', '6244');
INSERT into Kraj (posta, postna_st) values ('Podkum', '1414');
INSERT into Kraj (posta, postna_st) values ('Podlehnik', '2286');
INSERT into Kraj (posta, postna_st) values ('Podnanos', '5272');
INSERT into Kraj (posta, postna_st) values ('Podnart', '4244');
INSERT into Kraj (posta, postna_st) values ('Podplat', '3241');
INSERT into Kraj (posta, postna_st) values ('Podsreda', '3257');
INSERT into Kraj (posta, postna_st) values ('Podvelka', '2363');
INSERT into Kraj (posta, postna_st) values ('Pohorje', '2208');
INSERT into Kraj (posta, postna_st) values ('Polenšak', '2257');
INSERT into Kraj (posta, postna_st) values ('Polhov Gradec', '1355');
INSERT into Kraj (posta, postna_st) values ('Poljane nad Škofjo Loko', '4223');
INSERT into Kraj (posta, postna_st) values ('Poljčane', '2319');
INSERT into Kraj (posta, postna_st) values ('Polšnik', '1272');
INSERT into Kraj (posta, postna_st) values ('Polzela', '3313');
INSERT into Kraj (posta, postna_st) values ('Ponikva', '3232');
INSERT into Kraj (posta, postna_st) values ('Portorož - Portorose', '6320');
INSERT into Kraj (posta, postna_st) values ('Postojna', '6230');
INSERT into Kraj (posta, postna_st) values ('Pragersko', '2331');
INSERT into Kraj (posta, postna_st) values ('Prebold', '3312');
INSERT into Kraj (posta, postna_st) values ('Preddvor', '4205');
INSERT into Kraj (posta, postna_st) values ('Prem', '6255');
INSERT into Kraj (posta, postna_st) values ('Preserje', '1352');
INSERT into Kraj (posta, postna_st) values ('Prestranek', '6258');
INSERT into Kraj (posta, postna_st) values ('Prevalje', '2391');
INSERT into Kraj (posta, postna_st) values ('Prevorje', '3262');
INSERT into Kraj (posta, postna_st) values ('Primskovo', '1276');
INSERT into Kraj (posta, postna_st) values ('Pristava pri Mestinju', '3253');
INSERT into Kraj (posta, postna_st) values ('Prosenjakovci - Partosfalva', '9207');
INSERT into Kraj (posta, postna_st) values ('Prvačina', '5297');
INSERT into Kraj (posta, postna_st) values ('Ptuj', '2250');
INSERT into Kraj (posta, postna_st) values ('Ptujska Gora', '2323');
INSERT into Kraj (posta, postna_st) values ('Puconci', '9201');
INSERT into Kraj (posta, postna_st) values ('Rače', '2327');
INSERT into Kraj (posta, postna_st) values ('Radeče', '1433');
INSERT into Kraj (posta, postna_st) values ('Radenci - Radenska zdravilišče', '9502');
INSERT into Kraj (posta, postna_st) values ('Radenci', '9252');
INSERT into Kraj (posta, postna_st) values ('Radlje ob Dravi', '2360');
INSERT into Kraj (posta, postna_st) values ('Radomlje', '1235');
INSERT into Kraj (posta, postna_st) values ('Radovljica', '4240');
INSERT into Kraj (posta, postna_st) values ('Raka', '8274');
INSERT into Kraj (posta, postna_st) values ('Rakek', '1381');
INSERT into Kraj (posta, postna_st) values ('Rateče - Planica', '4283');
INSERT into Kraj (posta, postna_st) values ('Ravne na Koroškem', '2390');
INSERT into Kraj (posta, postna_st) values ('Razkrižje', '9246');
INSERT into Kraj (posta, postna_st) values ('Rečica ob Savinji', '3332');
INSERT into Kraj (posta, postna_st) values ('Renče', '5292');
INSERT into Kraj (posta, postna_st) values ('Ribnica', '1310');
INSERT into Kraj (posta, postna_st) values ('Ribnica na Pohorju', '2364');
INSERT into Kraj (posta, postna_st) values ('Rimske Toplice', '3272');
INSERT into Kraj (posta, postna_st) values ('Rob', '1314');
INSERT into Kraj (posta, postna_st) values ('Ročinj', '5215');
INSERT into Kraj (posta, postna_st) values ('Rogaška Slatina', '3250');
INSERT into Kraj (posta, postna_st) values ('Rogašovci', '9262');
INSERT into Kraj (posta, postna_st) values ('Rogatec', '3252');
INSERT into Kraj (posta, postna_st) values ('Rovte', '1373');
INSERT into Kraj (posta, postna_st) values ('Ruše', '2342');
INSERT into Kraj (posta, postna_st) values ('Sava', '1282');
INSERT into Kraj (posta, postna_st) values ('Sečovlje - Sicciole', '6333');
INSERT into Kraj (posta, postna_st) values ('Selca', '4227');
INSERT into Kraj (posta, postna_st) values ('Selnica ob Dravi', '2352');
INSERT into Kraj (posta, postna_st) values ('Semič', '8333');
INSERT into Kraj (posta, postna_st) values ('Senovo', '8281');
INSERT into Kraj (posta, postna_st) values ('Senožeče', '6224');
INSERT into Kraj (posta, postna_st) values ('Sevnica', '8290');
INSERT into Kraj (posta, postna_st) values ('Sežana', '6210');
INSERT into Kraj (posta, postna_st) values ('Sladki vrh', '2214');
INSERT into Kraj (posta, postna_st) values ('Slap ob Idrijci', '5283');
INSERT into Kraj (posta, postna_st) values ('Slovenj Gradec', '2380');
INSERT into Kraj (posta, postna_st) values ('Slovenska Bistrica', '2310');
INSERT into Kraj (posta, postna_st) values ('Slovenske Konjice', '3210');
INSERT into Kraj (posta, postna_st) values ('Smlednik', '1216');
INSERT into Kraj (posta, postna_st) values ('Soča', '5232');
INSERT into Kraj (posta, postna_st) values ('Sodražica', '1317');
INSERT into Kraj (posta, postna_st) values ('Solčava', '3335');
INSERT into Kraj (posta, postna_st) values ('Solkan', '5250');
INSERT into Kraj (posta, postna_st) values ('Sorica', '4229');
INSERT into Kraj (posta, postna_st) values ('Sovodenj', '4225');
INSERT into Kraj (posta, postna_st) values ('Spodnja Idrija', '5281');
INSERT into Kraj (posta, postna_st) values ('Spodnji Duplek', '2241');
INSERT into Kraj (posta, postna_st) values ('Spodnji Ivanjci', '9245');
INSERT into Kraj (posta, postna_st) values ('Središče ob Dravi', '2277');
INSERT into Kraj (posta, postna_st) values ('Srednja vas v Bohinju', '4267');
INSERT into Kraj (posta, postna_st) values ('Sromlje', '8256');
INSERT into Kraj (posta, postna_st) values ('Srpenica', '5224');
INSERT into Kraj (posta, postna_st) values ('Stahovica', '1242');
INSERT into Kraj (posta, postna_st) values ('Stara Cerkev', '1332');
INSERT into Kraj (posta, postna_st) values ('Stari trg ob Kolpi', '8342');
INSERT into Kraj (posta, postna_st) values ('Stari trg pri Ložu', '1386');
INSERT into Kraj (posta, postna_st) values ('Starše', '2205');
INSERT into Kraj (posta, postna_st) values ('Stoperce', '2289');
INSERT into Kraj (posta, postna_st) values ('Stopiče', '8322');
INSERT into Kraj (posta, postna_st) values ('Stranice', '3206');
INSERT into Kraj (posta, postna_st) values ('Straža', '8351');
INSERT into Kraj (posta, postna_st) values ('Struge', '1313');
INSERT into Kraj (posta, postna_st) values ('Studenec', '8293');
INSERT into Kraj (posta, postna_st) values ('Suhor', '8331');
INSERT into Kraj (posta, postna_st) values ('Sv. Duh na Ostrem Vrhu', '2353');
INSERT into Kraj (posta, postna_st) values ('Sveta Ana v Slovenskih goricah', '2233');
INSERT into Kraj (posta, postna_st) values ('Sveta Trojica v Slovenskih goricah', '2235');
INSERT into Kraj (posta, postna_st) values ('Sveti Jurij ob Ščavnici', '9244');
INSERT into Kraj (posta, postna_st) values ('Sveti Štefan', '3264');
INSERT into Kraj (posta, postna_st) values ('Sveti Tomaž', '2258');
INSERT into Kraj (posta, postna_st) values ('Šalovci', '9204');
INSERT into Kraj (posta, postna_st) values ('Šempas', '5261');
INSERT into Kraj (posta, postna_st) values ('Šempeter pri Gorici', '5290');
INSERT into Kraj (posta, postna_st) values ('Šempeter v Savinjski dolini', '3311');
INSERT into Kraj (posta, postna_st) values ('Šenčur', '4208');
INSERT into Kraj (posta, postna_st) values ('Šentilj v Slovenskih goricah', '2212');
INSERT into Kraj (posta, postna_st) values ('Šentjanž', '8297');
INSERT into Kraj (posta, postna_st) values ('Šentjanž pri Dravogradu', '2373');
INSERT into Kraj (posta, postna_st) values ('Šentjernej', '8310');
INSERT into Kraj (posta, postna_st) values ('Šentjur', '3230');
INSERT into Kraj (posta, postna_st) values ('Šentrupert', '3271');
INSERT into Kraj (posta, postna_st) values ('Šentrupert', '8232');
INSERT into Kraj (posta, postna_st) values ('Šentvid pri Stični', '1296');
INSERT into Kraj (posta, postna_st) values ('Škocjan', '8275');
INSERT into Kraj (posta, postna_st) values ('Škofije', '6281');
INSERT into Kraj (posta, postna_st) values ('Škofja Loka', '4220');
INSERT into Kraj (posta, postna_st) values ('Škofja vas', '3211');
INSERT into Kraj (posta, postna_st) values ('Škofljica', '1291');
INSERT into Kraj (posta, postna_st) values ('Šmarje', '6274');
INSERT into Kraj (posta, postna_st) values ('Šmarje - Sap', '1293');
INSERT into Kraj (posta, postna_st) values ('Šmarje pri Jelšah', '3240');
INSERT into Kraj (posta, postna_st) values ('Šmarješke Toplice', '8220');
INSERT into Kraj (posta, postna_st) values ('Šmartno na Pohorju', '2315');
INSERT into Kraj (posta, postna_st) values ('Šmartno ob Dreti', '3341');
INSERT into Kraj (posta, postna_st) values ('Šmartno ob Paki', '3327');
INSERT into Kraj (posta, postna_st) values ('Šmartno pri Litiji', '1275');
INSERT into Kraj (posta, postna_st) values ('Šmartno pri Slovenj Gradcu', '2383');
INSERT into Kraj (posta, postna_st) values ('Šmartno v Rožni dolini', '3201');
INSERT into Kraj (posta, postna_st) values ('Šoštanj', '3325');
INSERT into Kraj (posta, postna_st) values ('Štanjel', '6222');
INSERT into Kraj (posta, postna_st) values ('Štore', '3220');
INSERT into Kraj (posta, postna_st) values ('Tabor', '3304');
INSERT into Kraj (posta, postna_st) values ('Teharje', '3221');
INSERT into Kraj (posta, postna_st) values ('Tišina', '9251');
INSERT into Kraj (posta, postna_st) values ('Tolmin', '5220');
INSERT into Kraj (posta, postna_st) values ('Topolšica', '3326');
INSERT into Kraj (posta, postna_st) values ('Trbonje', '2371');
INSERT into Kraj (posta, postna_st) values ('Trbovlje', '1420');
INSERT into Kraj (posta, postna_st) values ('Trebelno', '8231');
INSERT into Kraj (posta, postna_st) values ('Trebnje', '8210');
INSERT into Kraj (posta, postna_st) values ('Trnovo pri Gorici', '5252');
INSERT into Kraj (posta, postna_st) values ('Trnovska vas', '2254');
INSERT into Kraj (posta, postna_st) values ('Trojane', '1222');
INSERT into Kraj (posta, postna_st) values ('Trzin', '1236');
INSERT into Kraj (posta, postna_st) values ('Tržič', '4290');
INSERT into Kraj (posta, postna_st) values ('Tržišče', '8295');
INSERT into Kraj (posta, postna_st) values ('Turjak', '1311');
INSERT into Kraj (posta, postna_st) values ('Turnišče', '9224');
INSERT into Kraj (posta, postna_st) values ('Uršna sela', '8323');
INSERT into Kraj (posta, postna_st) values ('Vače', '1252');
INSERT into Kraj (posta, postna_st) values ('Velenje', '3320');
INSERT into Kraj (posta, postna_st) values ('Velenje', '3322');
INSERT into Kraj (posta, postna_st) values ('Velenje - Gorenje', '3503');
INSERT into Kraj (posta, postna_st) values ('Velenje - ERA', '3504');
INSERT into Kraj (posta, postna_st) values ('Velika Loka', '8212');
INSERT into Kraj (posta, postna_st) values ('Velika Nedelja', '2274');
INSERT into Kraj (posta, postna_st) values ('Velika Polana', '9225');
INSERT into Kraj (posta, postna_st) values ('Velike Lašče', '1315');
INSERT into Kraj (posta, postna_st) values ('Veliki Gaber', '8213');
INSERT into Kraj (posta, postna_st) values ('Veržej', '9241');
INSERT into Kraj (posta, postna_st) values ('Videm - Dobrepolje', '1312');
INSERT into Kraj (posta, postna_st) values ('Videm pri Ptuju', '2284');
INSERT into Kraj (posta, postna_st) values ('Vinica', '8344');
INSERT into Kraj (posta, postna_st) values ('Vipava', '5271');
INSERT into Kraj (posta, postna_st) values ('Visoko', '4212');
INSERT into Kraj (posta, postna_st) values ('Višnja Gora', '1294');
INSERT into Kraj (posta, postna_st) values ('Vitanje', '3205');
INSERT into Kraj (posta, postna_st) values ('Vitomarci', '2255');
INSERT into Kraj (posta, postna_st) values ('Vodice', '1217');
INSERT into Kraj (posta, postna_st) values ('Vojnik', '3212');
INSERT into Kraj (posta, postna_st) values ('Volčja Draga', '5293');
INSERT into Kraj (posta, postna_st) values ('Voličina', '2232');
INSERT into Kraj (posta, postna_st) values ('Vransko', '3305');
INSERT into Kraj (posta, postna_st) values ('Vremski Britof', '6217');
INSERT into Kraj (posta, postna_st) values ('Vrhnika', '1360');
INSERT into Kraj (posta, postna_st) values ('Vuhred', '2365');
INSERT into Kraj (posta, postna_st) values ('Vuzenica', '2367');
INSERT into Kraj (posta, postna_st) values ('Zabukovje', '8292');
INSERT into Kraj (posta, postna_st) values ('Zagorje ob Savi', '1410');
INSERT into Kraj (posta, postna_st) values ('Zagradec', '1303');
INSERT into Kraj (posta, postna_st) values ('Zavrč', '2283');
INSERT into Kraj (posta, postna_st) values ('Zdole', '8272');
INSERT into Kraj (posta, postna_st) values ('Zgornja Besnica', '4201');
INSERT into Kraj (posta, postna_st) values ('Zgornja Korena', '2242');
INSERT into Kraj (posta, postna_st) values ('Zgornja Kungota', '2201');
INSERT into Kraj (posta, postna_st) values ('Zgornja Ložnica', '2316');
INSERT into Kraj (posta, postna_st) values ('Zgornja Polskava', '2314');
INSERT into Kraj (posta, postna_st) values ('Zgornja Velka', '2213');
INSERT into Kraj (posta, postna_st) values ('Zgornje Gorje', '4247');
INSERT into Kraj (posta, postna_st) values ('Zgornje Jezersko', '4206');
INSERT into Kraj (posta, postna_st) values ('Zgornji Leskovec', '2285');
INSERT into Kraj (posta, postna_st) values ('Zidani Most', '1432');
INSERT into Kraj (posta, postna_st) values ('Zreče', '3214');
INSERT into Kraj (posta, postna_st) values ('Žabnica', '4209');
INSERT into Kraj (posta, postna_st) values ('Žalec', '3310');
INSERT into Kraj (posta, postna_st) values ('Železniki', '4228');
INSERT into Kraj (posta, postna_st) values ('Žetale', '2287');
INSERT into Kraj (posta, postna_st) values ('Žiri', '4226');
INSERT into Kraj (posta, postna_st) values ('Žirovnica', '4274');
INSERT into Kraj (posta, postna_st) values ('Žužemberk', '8360');

INSERT into Drzava (naziv_drzava) values ('Afganistan');
INSERT into Drzava (naziv_drzava) values ('Albanija');
INSERT into Drzava (naziv_drzava) values ('Antarktika');
INSERT into Drzava (naziv_drzava) values ('Alžirija');
INSERT into Drzava (naziv_drzava) values ('Ameriška Samoa');
INSERT into Drzava (naziv_drzava) values ('Andora');
INSERT into Drzava (naziv_drzava) values ('Angola');
INSERT into Drzava (naziv_drzava) values ('Antigva in Barbuda');
INSERT into Drzava (naziv_drzava) values ('Azerbajdžan');
INSERT into Drzava (naziv_drzava) values ('Argentina');
INSERT into Drzava (naziv_drzava) values ('Avstralija');
INSERT into Drzava (naziv_drzava) values ('Avstrija');
INSERT into Drzava (naziv_drzava) values ('Bahami');
INSERT into Drzava (naziv_drzava) values ('Bahrajn');
INSERT into Drzava (naziv_drzava) values ('Bangladeš');
INSERT into Drzava (naziv_drzava) values ('Armenija');
INSERT into Drzava (naziv_drzava) values ('Barbados');
INSERT into Drzava (naziv_drzava) values ('Belgija');
INSERT into Drzava (naziv_drzava) values ('Bermudi');
INSERT into Drzava (naziv_drzava) values ('Butan');
INSERT into Drzava (naziv_drzava) values ('Bolivija');
INSERT into Drzava (naziv_drzava) values ('Bosna in Hercegovina');
INSERT into Drzava (naziv_drzava) values ('Bocvana');
INSERT into Drzava (naziv_drzava) values ('Bouvetov otok');
INSERT into Drzava (naziv_drzava) values ('Brazilija');
INSERT into Drzava (naziv_drzava) values ('Belize');
INSERT into Drzava (naziv_drzava) values ('Britansko ozemlje Indijskega oceana');
INSERT into Drzava (naziv_drzava) values ('Salomonovi otoki');
INSERT into Drzava (naziv_drzava) values ('Deviški otoki (britanski)');
INSERT into Drzava (naziv_drzava) values ('Brunej, Država');
INSERT into Drzava (naziv_drzava) values ('Bolgarija');
INSERT into Drzava (naziv_drzava) values ('Mjanmar');
INSERT into Drzava (naziv_drzava) values ('Burundi');
INSERT into Drzava (naziv_drzava) values ('Belorusija');
INSERT into Drzava (naziv_drzava) values ('Kambodža');
INSERT into Drzava (naziv_drzava) values ('Kamerun');
INSERT into Drzava (naziv_drzava) values ('Kanada');
INSERT into Drzava (naziv_drzava) values ('Zelenortski otoki');
INSERT into Drzava (naziv_drzava) values ('Kajmanski otoki');
INSERT into Drzava (naziv_drzava) values ('Srednjeafriška republika');
INSERT into Drzava (naziv_drzava) values ('Šrilanka');
INSERT into Drzava (naziv_drzava) values ('Čad');
INSERT into Drzava (naziv_drzava) values ('Čile');
INSERT into Drzava (naziv_drzava) values ('Kitajska');
INSERT into Drzava (naziv_drzava) values ('Tajvan, Provinca Kitajske');
INSERT into Drzava (naziv_drzava) values ('Božični otok');
INSERT into Drzava (naziv_drzava) values ('Kokosovi (Keeling) otoki');
INSERT into Drzava (naziv_drzava) values ('Kolumbija');
INSERT into Drzava (naziv_drzava) values ('Komori');
INSERT into Drzava (naziv_drzava) values ('Mayotte');
INSERT into Drzava (naziv_drzava) values ('Kongo');
INSERT into Drzava (naziv_drzava) values ('Kongo, Demokratična republika');
INSERT into Drzava (naziv_drzava) values ('Cookovi otoki');
INSERT into Drzava (naziv_drzava) values ('Kostarika');
INSERT into Drzava (naziv_drzava) values ('Hrvaška');
INSERT into Drzava (naziv_drzava) values ('Kuba');
INSERT into Drzava (naziv_drzava) values ('Ciper');
INSERT into Drzava (naziv_drzava) values ('Češka republika');
INSERT into Drzava (naziv_drzava) values ('Benin');
INSERT into Drzava (naziv_drzava) values ('Danska');
INSERT into Drzava (naziv_drzava) values ('Dominika');
INSERT into Drzava (naziv_drzava) values ('Dominikanska republika');
INSERT into Drzava (naziv_drzava) values ('Ekvador');
INSERT into Drzava (naziv_drzava) values ('Salvador');
INSERT into Drzava (naziv_drzava) values ('Ekvatorialna Gvineja');
INSERT into Drzava (naziv_drzava) values ('Etiopija');
INSERT into Drzava (naziv_drzava) values ('Eritreja');
INSERT into Drzava (naziv_drzava) values ('Estonija');
INSERT into Drzava (naziv_drzava) values ('Ferski otoki');
INSERT into Drzava (naziv_drzava) values ('Falklandski otoki (Malvini)');
INSERT into Drzava (naziv_drzava) values ('Južna Georgia in otoki Južni Sandwich');
INSERT into Drzava (naziv_drzava) values ('Fidži');
INSERT into Drzava (naziv_drzava) values ('Finska');
INSERT into Drzava (naziv_drzava) values ('Alandski otoki');
INSERT into Drzava (naziv_drzava) values ('Francija');
INSERT into Drzava (naziv_drzava) values ('Francoska Gvajana');
INSERT into Drzava (naziv_drzava) values ('Francoska Polinezija');
INSERT into Drzava (naziv_drzava) values ('Francosko južno ozemlje');
INSERT into Drzava (naziv_drzava) values ('Džibuti');
INSERT into Drzava (naziv_drzava) values ('Gabon');
INSERT into Drzava (naziv_drzava) values ('Gruzija');
INSERT into Drzava (naziv_drzava) values ('Gambija');
INSERT into Drzava (naziv_drzava) values ('Palestinsko ozemlje, zasedeno');
INSERT into Drzava (naziv_drzava) values ('Nemčija');
INSERT into Drzava (naziv_drzava) values ('Gana');
INSERT into Drzava (naziv_drzava) values ('Gibraltar');
INSERT into Drzava (naziv_drzava) values ('Kiribati');
INSERT into Drzava (naziv_drzava) values ('Grčija');
INSERT into Drzava (naziv_drzava) values ('Grenlandija');
INSERT into Drzava (naziv_drzava) values ('Grenada');
INSERT into Drzava (naziv_drzava) values ('Guadeloupe');
INSERT into Drzava (naziv_drzava) values ('Guam');
INSERT into Drzava (naziv_drzava) values ('Gvatemala');
INSERT into Drzava (naziv_drzava) values ('Gvineja');
INSERT into Drzava (naziv_drzava) values ('Gvajana');
INSERT into Drzava (naziv_drzava) values ('Haiti');
INSERT into Drzava (naziv_drzava) values ('Heardov otok in McDonaldovi otoki');
INSERT into Drzava (naziv_drzava) values ('Sveti sedeû (Vatikanska mestna država)');
INSERT into Drzava (naziv_drzava) values ('Honduras');
INSERT into Drzava (naziv_drzava) values ('Hongkong');
INSERT into Drzava (naziv_drzava) values ('Madžarska');
INSERT into Drzava (naziv_drzava) values ('Islandija');
INSERT into Drzava (naziv_drzava) values ('Indija');
INSERT into Drzava (naziv_drzava) values ('Indonezija');
INSERT into Drzava (naziv_drzava) values ('Iran (Islamska republika)');
INSERT into Drzava (naziv_drzava) values ('Irak');
INSERT into Drzava (naziv_drzava) values ('Irska');
INSERT into Drzava (naziv_drzava) values ('Izrael');
INSERT into Drzava (naziv_drzava) values ('Italija');
INSERT into Drzava (naziv_drzava) values ('Slonokoščena obala');
INSERT into Drzava (naziv_drzava) values ('Jamajka');
INSERT into Drzava (naziv_drzava) values ('Japonska');
INSERT into Drzava (naziv_drzava) values ('Kazahstan');
INSERT into Drzava (naziv_drzava) values ('Jordanija');
INSERT into Drzava (naziv_drzava) values ('Kenija');
INSERT into Drzava (naziv_drzava) values ('Koreja, Demokratična ljudska republika');
INSERT into Drzava (naziv_drzava) values ('Koreja, Republika');
INSERT into Drzava (naziv_drzava) values ('Kuvajt');
INSERT into Drzava (naziv_drzava) values ('Kirgizistan');
INSERT into Drzava (naziv_drzava) values ('Laoöka ljudska demokratična republika');
INSERT into Drzava (naziv_drzava) values ('Libanon');
INSERT into Drzava (naziv_drzava) values ('Lesoto');
INSERT into Drzava (naziv_drzava) values ('Latvija');
INSERT into Drzava (naziv_drzava) values ('Liberija');
INSERT into Drzava (naziv_drzava) values ('Libijska arabska džamahirija');
INSERT into Drzava (naziv_drzava) values ('Lihtenštajn');
INSERT into Drzava (naziv_drzava) values ('Litva');
INSERT into Drzava (naziv_drzava) values ('Luksemburg');
INSERT into Drzava (naziv_drzava) values ('Macau');
INSERT into Drzava (naziv_drzava) values ('Madagaskar');
INSERT into Drzava (naziv_drzava) values ('Malavi');
INSERT into Drzava (naziv_drzava) values ('Malezija');
INSERT into Drzava (naziv_drzava) values ('Maldivi');
INSERT into Drzava (naziv_drzava) values ('Mali');
INSERT into Drzava (naziv_drzava) values ('Malta');
INSERT into Drzava (naziv_drzava) values ('Martinik');
INSERT into Drzava (naziv_drzava) values ('Mavretanija');
INSERT into Drzava (naziv_drzava) values ('Mauritius');
INSERT into Drzava (naziv_drzava) values ('Mehika');
INSERT into Drzava (naziv_drzava) values ('Monako');
INSERT into Drzava (naziv_drzava) values ('Mongolija');
INSERT into Drzava (naziv_drzava) values ('Moldavija, Republika');
INSERT into Drzava (naziv_drzava) values ('Črna Gora');
INSERT into Drzava (naziv_drzava) values ('Montserrat');
INSERT into Drzava (naziv_drzava) values ('Maroko');
INSERT into Drzava (naziv_drzava) values ('Mozambik');
INSERT into Drzava (naziv_drzava) values ('Oman');
INSERT into Drzava (naziv_drzava) values ('Namibija');
INSERT into Drzava (naziv_drzava) values ('Nauru');
INSERT into Drzava (naziv_drzava) values ('Nepal');
INSERT into Drzava (naziv_drzava) values ('Nizozemska');
INSERT into Drzava (naziv_drzava) values ('Nizozemski Antili');
INSERT into Drzava (naziv_drzava) values ('Aruba');
INSERT into Drzava (naziv_drzava) values ('Nova Kaledonija');
INSERT into Drzava (naziv_drzava) values ('Vanuatu');
INSERT into Drzava (naziv_drzava) values ('Nova Zelandija');
INSERT into Drzava (naziv_drzava) values ('Nikaragva');
INSERT into Drzava (naziv_drzava) values ('Niger');
INSERT into Drzava (naziv_drzava) values ('Nigerija');
INSERT into Drzava (naziv_drzava) values ('Niue');
INSERT into Drzava (naziv_drzava) values ('Norfolški otok');
INSERT into Drzava (naziv_drzava) values ('Norveška');
INSERT into Drzava (naziv_drzava) values ('Severni Marianski otoki');
INSERT into Drzava (naziv_drzava) values ('Stranski zunanji otoki Združenih držav');
INSERT into Drzava (naziv_drzava) values ('Mikronezija (Federativne države)');
INSERT into Drzava (naziv_drzava) values ('Marshallovi otoki');
INSERT into Drzava (naziv_drzava) values ('Palau');
INSERT into Drzava (naziv_drzava) values ('Pakistan');
INSERT into Drzava (naziv_drzava) values ('Panama');
INSERT into Drzava (naziv_drzava) values ('Papua Nova Gvineja');
INSERT into Drzava (naziv_drzava) values ('Paragvaj');
INSERT into Drzava (naziv_drzava) values ('Peru');
INSERT into Drzava (naziv_drzava) values ('Filipini');
INSERT into Drzava (naziv_drzava) values ('Pitcairn');
INSERT into Drzava (naziv_drzava) values ('Poljska');
INSERT into Drzava (naziv_drzava) values ('Portugalska');
INSERT into Drzava (naziv_drzava) values ('Gvineja Bissau');
INSERT into Drzava (naziv_drzava) values ('Vzhodni Timor');
INSERT into Drzava (naziv_drzava) values ('Portoriko');
INSERT into Drzava (naziv_drzava) values ('Katar');
INSERT into Drzava (naziv_drzava) values ('Reunion');
INSERT into Drzava (naziv_drzava) values ('Romunija');
INSERT into Drzava (naziv_drzava) values ('Ruska federacija');
INSERT into Drzava (naziv_drzava) values ('Ruanda');
INSERT into Drzava (naziv_drzava) values ('Saint Helena');
INSERT into Drzava (naziv_drzava) values ('Saint Kitts in Nevis');
INSERT into Drzava (naziv_drzava) values ('Angvila');
INSERT into Drzava (naziv_drzava) values ('Saint Lucia');
INSERT into Drzava (naziv_drzava) values ('Saint Pierre in Miquelon');
INSERT into Drzava (naziv_drzava) values ('Saint Vincent in Grenadine');
INSERT into Drzava (naziv_drzava) values ('San Marino');
INSERT into Drzava (naziv_drzava) values ('Sao Tome in Principe');
INSERT into Drzava (naziv_drzava) values ('Saudova Arabija');
INSERT into Drzava (naziv_drzava) values ('Senegal');
INSERT into Drzava (naziv_drzava) values ('Srbija');
INSERT into Drzava (naziv_drzava) values ('Sejšeli');
INSERT into Drzava (naziv_drzava) values ('Sierra Leone');
INSERT into Drzava (naziv_drzava) values ('Singapur');
INSERT into Drzava (naziv_drzava) values ('Slovaška');
INSERT into Drzava (naziv_drzava) values ('Vietnam');
INSERT into Drzava (naziv_drzava) values ('Slovenija');
INSERT into Drzava (naziv_drzava) values ('Somalija');
INSERT into Drzava (naziv_drzava) values ('Južna Afrika');
INSERT into Drzava (naziv_drzava) values ('Zimbabve');
INSERT into Drzava (naziv_drzava) values ('Španija');
INSERT into Drzava (naziv_drzava) values ('Zahodna Sahara');
INSERT into Drzava (naziv_drzava) values ('Sudan');
INSERT into Drzava (naziv_drzava) values ('Surinam');
INSERT into Drzava (naziv_drzava) values ('Svalbard in Jan Mayen');
INSERT into Drzava (naziv_drzava) values ('Svazi');
INSERT into Drzava (naziv_drzava) values ('Švedska');
INSERT into Drzava (naziv_drzava) values ('Švica');
INSERT into Drzava (naziv_drzava) values ('Sirska arabska republika');
INSERT into Drzava (naziv_drzava) values ('Tadžikistan');
INSERT into Drzava (naziv_drzava) values ('Tajska');
INSERT into Drzava (naziv_drzava) values ('Togo');
INSERT into Drzava (naziv_drzava) values ('Tokelau');
INSERT into Drzava (naziv_drzava) values ('Tonga');
INSERT into Drzava (naziv_drzava) values ('Trinidad in Tobago');
INSERT into Drzava (naziv_drzava) values ('Združeni arabski emirati');
INSERT into Drzava (naziv_drzava) values ('Tunizija');
INSERT into Drzava (naziv_drzava) values ('Turčija');
INSERT into Drzava (naziv_drzava) values ('Turkmenistan');
INSERT into Drzava (naziv_drzava) values ('Otoki Turks in Caicos');
INSERT into Drzava (naziv_drzava) values ('Tuvalu');
INSERT into Drzava (naziv_drzava) values ('Uganda');
INSERT into Drzava (naziv_drzava) values ('Ukrajina');
INSERT into Drzava (naziv_drzava) values ('Makedonija, Nekdanja jugoslovanska republika');
INSERT into Drzava (naziv_drzava) values ('Egipt');
INSERT into Drzava (naziv_drzava) values ('Združeno kraljestvo');
INSERT into Drzava (naziv_drzava) values ('Guernsey');
INSERT into Drzava (naziv_drzava) values ('Jersey');
INSERT into Drzava (naziv_drzava) values ('Otok Man');
INSERT into Drzava (naziv_drzava) values ('Tanzanija, Združena republika');
INSERT into Drzava (naziv_drzava) values ('Združene države');
INSERT into Drzava (naziv_drzava) values ('Deviški otoki (ZDA)');
INSERT into Drzava (naziv_drzava) values ('Burkina Faso');
INSERT into Drzava (naziv_drzava) values ('Urugvaj');
INSERT into Drzava (naziv_drzava) values ('Uzbekistan');
INSERT into Drzava (naziv_drzava) values ('Venezuela');
INSERT into Drzava (naziv_drzava) values ('Otoki Wallis in Futuna');
INSERT into Drzava (naziv_drzava) values ('Samoa');
INSERT into Drzava (naziv_drzava) values ('Jemen');
INSERT into Drzava (naziv_drzava) values ('Zambija');

INSERT into Studijski_program (id_studijski_program, naziv_studijski_program, kratica_studijski_program) values (1, 'Računalništvo in informatika', 'RI');
INSERT into Studijski_program (id_studijski_program, naziv_studijski_program, kratica_studijski_program) values (2, 'Računalništvo in matematika', 'IŠRM');
INSERT into Studijski_program (id_studijski_program, naziv_studijski_program, kratica_studijski_program) values (3, 'Upravna informatika', 'UI');
INSERT into Studijski_program (id_studijski_program, naziv_studijski_program, kratica_studijski_program) values (4, 'Humanistika in družboslovje', 'HD');
INSERT into Studijski_program (id_studijski_program, naziv_studijski_program, kratica_studijski_program) values (5, 'Kognitivne znanosti', 'KZ');
INSERT into Studijski_program (id_studijski_program, naziv_studijski_program, kratica_studijski_program) values (6, 'Informacijski sistemi in odločanje', 'ISD');

INSERT into Studijska_smer (naziv_studijska_smer, kratica_studijska_smer) values ('Brez smeri', 'BS');
INSERT into Studijska_smer (naziv_studijska_smer, kratica_studijska_smer) values ('Logika in sistemi', 'LS');
INSERT into Studijska_smer (naziv_studijska_smer, kratica_studijska_smer) values ('Programska oprema', 'PO');
INSERT into Studijska_smer (naziv_studijska_smer, kratica_studijska_smer) values ('Informatika', 'IN');
INSERT into Studijska_smer (naziv_studijska_smer, kratica_studijska_smer) values ('Računalniški sistemi', 'RS');

INSERT into Posebne_potrebe (naziv_posebne_potrebe, sifra_posebne_potrebe) values ('slepi/slabovidni', 'A');
INSERT into Posebne_potrebe (naziv_posebne_potrebe, sifra_posebne_potrebe) values ('gluhi/naglušni', 'B');
INSERT into Posebne_potrebe (naziv_posebne_potrebe, sifra_posebne_potrebe) values ('gibalno ovirani/invalidi', 'C');
INSERT into Posebne_potrebe (naziv_posebne_potrebe, sifra_posebne_potrebe) values ('drugo', 'D');

INSERT into Vrsta_studija (id_vrsta_studija, naziv_vrsta_studija, sifra_vl, kratica_vrsta_studija, stopnja_studija) values (1,'visokošolski strokovni', 'J', 'BVS', '1');
INSERT into Vrsta_studija (id_vrsta_studija, naziv_vrsta_studija, sifra_vl, kratica_vrsta_studija, stopnja_studija) values (2, 'univerzitetni', 'K', 'BUN', '1');
INSERT into Vrsta_studija (id_vrsta_studija,naziv_vrsta_studija, sifra_vl, kratica_vrsta_studija, stopnja_studija) values (3, 'magistrski', 'L', 'BMA', '2');
INSERT into Vrsta_studija (id_vrsta_studija,naziv_vrsta_studija, sifra_vl, kratica_vrsta_studija, stopnja_studija) values (4, 'enovit magistrski', 'N', 'BMA', '2');
INSERT into Vrsta_studija (id_vrsta_studija,naziv_vrsta_studija, sifra_vl, kratica_vrsta_studija, stopnja_studija) values (5, 'doktorski', 'M', 'BDR', '3');
INSERT into Vrsta_studija (id_vrsta_studija,naziv_vrsta_studija, sifra_vl, kratica_vrsta_studija, stopnja_studija) values (6, 'visokošolski strokovni', 'B', 'VS', '1');
INSERT into Vrsta_studija (id_vrsta_studija,naziv_vrsta_studija, sifra_vl, kratica_vrsta_studija, stopnja_studija) values (7, 'univerzitetni', 'C', 'UN', '1');
INSERT into Vrsta_studija (id_vrsta_studija,naziv_vrsta_studija, sifra_vl, kratica_vrsta_studija, stopnja_studija) values (8, 'specialistični', 'E', 'SP', '2');
INSERT into Vrsta_studija (id_vrsta_studija,naziv_vrsta_studija, sifra_vl, kratica_vrsta_studija, stopnja_studija) values (9,'magistrski', 'F', 'MAG', '2');
INSERT into Vrsta_studija (id_vrsta_studija,naziv_vrsta_studija, sifra_vl, kratica_vrsta_studija, stopnja_studija) values (10, 'doktorski', 'G', 'DOK', '3');
INSERT into Vrsta_studija (id_vrsta_studija,naziv_vrsta_studija, sifra_vl, kratica_vrsta_studija, stopnja_studija) values (11, 'enovit doktorski', 'H', 'EDR', '3');

INSERT INTO Predmet(id_predmeta, sifra_predmeta, naziv_predmet, kreditne_tocke) VALUES(1, 63001,'﻿Osnove programiranja','6');
INSERT INTO Predmet(id_predmeta, sifra_predmeta, naziv_predmet, kreditne_tocke) VALUES(2, 63002,'Osnove matematične analize','6');
INSERT INTO Predmet(id_predmeta, sifra_predmeta, naziv_predmet, kreditne_tocke) VALUES(3, 63003,'Diskretne strukture','6');
INSERT INTO Predmet(id_predmeta, sifra_predmeta, naziv_predmet, kreditne_tocke) VALUES(4, 63004,'Osnove digitalnih vezij','6');
INSERT INTO Predmet(id_predmeta, sifra_predmeta, naziv_predmet, kreditne_tocke) VALUES(5, 63005,'Fizika','6');
INSERT INTO Predmet(id_predmeta, sifra_predmeta, naziv_predmet, kreditne_tocke) VALUES(6, 63006,'Programiranje in algoritmi','6');
INSERT INTO Predmet(id_predmeta, sifra_predmeta, naziv_predmet, kreditne_tocke) VALUES(7, 63007,'Linearna algebra','6');
INSERT INTO Predmet(id_predmeta, sifra_predmeta, naziv_predmet, kreditne_tocke) VALUES(8, 63008,'Osnove podatkovnih baz','6');
INSERT INTO Predmet(id_predmeta, sifra_predmeta, naziv_predmet, kreditne_tocke) VALUES(9, 63009,'Računalniške komunikacije','6');
INSERT INTO Predmet(id_predmeta, sifra_predmeta, naziv_predmet, kreditne_tocke) VALUES(10, 63010,'Komunikacija človek računalnik','6');
INSERT INTO Predmet(id_predmeta, sifra_predmeta, naziv_predmet, kreditne_tocke) VALUES(11, 63011,'Algoritmi in podatkovne strukture','6');
INSERT INTO Predmet(id_predmeta, sifra_predmeta, naziv_predmet, kreditne_tocke) VALUES(12, 63012,'Arhitektura računalniških sistemov','6');
INSERT INTO Predmet(id_predmeta, sifra_predmeta, naziv_predmet, kreditne_tocke) VALUES(13, 63013,'Verjetnost in statistika','6');
INSERT INTO Predmet(id_predmeta, sifra_predmeta, naziv_predmet, kreditne_tocke) VALUES(14, 63014,'Osnove umetne inteligence','6');
INSERT INTO Predmet(id_predmeta, sifra_predmeta, naziv_predmet, kreditne_tocke) VALUES(15, 63015,'Osnove informacijskih sistemov','6');
INSERT INTO Predmet(id_predmeta, sifra_predmeta, naziv_predmet, kreditne_tocke) VALUES(16, 63016,'Teorija informacij in sistemov','6');
INSERT INTO Predmet(id_predmeta, sifra_predmeta, naziv_predmet, kreditne_tocke) VALUES(17, 63017,'Operacijski sistemi','6');
INSERT INTO Predmet(id_predmeta, sifra_predmeta, naziv_predmet, kreditne_tocke) VALUES(18, 63018,'Organizacija računalniških sistemov','6');
INSERT INTO Predmet(id_predmeta, sifra_predmeta, naziv_predmet, kreditne_tocke) VALUES(19, 63019,'Matematično modeliranje','6');
INSERT INTO Predmet(id_predmeta, sifra_predmeta, naziv_predmet, kreditne_tocke) VALUES(20, 63020,'Principi programskih jezikov','6');
INSERT INTO Predmet(id_predmeta, sifra_predmeta, naziv_predmet, kreditne_tocke) VALUES(21, 63021,'Računalniške tehnologije','6');
INSERT INTO Predmet(id_predmeta, sifra_predmeta, naziv_predmet, kreditne_tocke) VALUES(22, 63022,'Komuniciranje in vodenje projektov','6');
INSERT INTO Predmet(id_predmeta, sifra_predmeta, naziv_predmet, kreditne_tocke) VALUES(23, 63023,'Ekonomika in podjetništvo','6');
INSERT INTO Predmet(id_predmeta, sifra_predmeta, naziv_predmet, kreditne_tocke) VALUES(24, 63024,'Diplomska naloga','6');
INSERT INTO Predmet(id_predmeta, sifra_predmeta, naziv_predmet, kreditne_tocke) VALUES(25, 63025,'Elektronsko poslovanje','6');
INSERT INTO Predmet(id_predmeta, sifra_predmeta, naziv_predmet, kreditne_tocke) VALUES(26, 63026,'Poslovna inteligenca','6');
INSERT INTO Predmet(id_predmeta, sifra_predmeta, naziv_predmet, kreditne_tocke) VALUES(27, 63027,'Organizacija in management','6');
INSERT INTO Predmet(id_predmeta, sifra_predmeta, naziv_predmet, kreditne_tocke) VALUES(28, 63028,'Razvoj informacijskih sistemov','6');
INSERT INTO Predmet(id_predmeta, sifra_predmeta, naziv_predmet, kreditne_tocke) VALUES(29, 63029,'Tehnologija upravljanja podatkov','6');
INSERT INTO Predmet(id_predmeta, sifra_predmeta, naziv_predmet, kreditne_tocke) VALUES(30, 63030,'Planiranje in upravljanje informatike','6');
INSERT INTO Predmet(id_predmeta, sifra_predmeta, naziv_predmet, kreditne_tocke) VALUES(31, 63031,'Postopki razvoja programske opreme','6');
INSERT INTO Predmet(id_predmeta, sifra_predmeta, naziv_predmet, kreditne_tocke) VALUES(32, 63032,'Spletno programiranje','6');
INSERT INTO Predmet(id_predmeta, sifra_predmeta, naziv_predmet, kreditne_tocke) VALUES(33, 63033,'Tehnologija programske opreme','6');
INSERT INTO Predmet(id_predmeta, sifra_predmeta, naziv_predmet, kreditne_tocke) VALUES(34, 63034,'Modeliranje računalniških omrežij','6');
INSERT INTO Predmet(id_predmeta, sifra_predmeta, naziv_predmet, kreditne_tocke) VALUES(35, 63035,'Komunikacijski protokoli','6');
INSERT INTO Predmet(id_predmeta, sifra_predmeta, naziv_predmet, kreditne_tocke) VALUES(36, 63036,'Brezžična in mobilna omrežja','6');
INSERT INTO Predmet(id_predmeta, sifra_predmeta, naziv_predmet, kreditne_tocke) VALUES(37, 63037,'Digitalno načrtovanje','6');
INSERT INTO Predmet(id_predmeta, sifra_predmeta, naziv_predmet, kreditne_tocke) VALUES(38, 63038,'Porazdeljeni sistemi','6');
INSERT INTO Predmet(id_predmeta, sifra_predmeta, naziv_predmet, kreditne_tocke) VALUES(39, 63039,'Zanesljivost in zmogljivost računalniških sistemov','6');
INSERT INTO Predmet(id_predmeta, sifra_predmeta, naziv_predmet, kreditne_tocke) VALUES(40, 63040,'Računska zahtevnost in hevristično programiranje','6');
INSERT INTO Predmet(id_predmeta, sifra_predmeta, naziv_predmet, kreditne_tocke) VALUES(41, 63041,'Sistemska programska oprema','6');
INSERT INTO Predmet(id_predmeta, sifra_predmeta, naziv_predmet, kreditne_tocke) VALUES(42, 63042,'Prevajalniki','6');
INSERT INTO Predmet(id_predmeta, sifra_predmeta, naziv_predmet, kreditne_tocke) VALUES(43, 63043,'Inteligentni sistemi','6');
INSERT INTO Predmet(id_predmeta, sifra_predmeta, naziv_predmet, kreditne_tocke) VALUES(44, 63044,'Umetno zaznavanje','6');
INSERT INTO Predmet(id_predmeta, sifra_predmeta, naziv_predmet, kreditne_tocke) VALUES(45, 63045,'Razvoj inteligentnih sistemov','6');
INSERT INTO Predmet(id_predmeta, sifra_predmeta, naziv_predmet, kreditne_tocke) VALUES(46, 63046,'Računalniška grafika in tehnologija iger (B-UNI)','6');
INSERT INTO Predmet(id_predmeta, sifra_predmeta, naziv_predmet, kreditne_tocke) VALUES(47, 63047,'Multimedijski sistemi','6');
INSERT INTO Predmet(id_predmeta, sifra_predmeta, naziv_predmet, kreditne_tocke) VALUES(48, 63048,'Osnove oblikovanja','6');
INSERT INTO Predmet(id_predmeta, sifra_predmeta, naziv_predmet, kreditne_tocke) VALUES(49, 63049,'Angleški jezik nivo A','3');
INSERT INTO Predmet(id_predmeta, sifra_predmeta, naziv_predmet, kreditne_tocke) VALUES(50, 63050,'Angleški jezik nivo B','3');
INSERT INTO Predmet(id_predmeta, sifra_predmeta, naziv_predmet, kreditne_tocke) VALUES(51, 63051,'Angleški jezik nivo C','3');
INSERT INTO Predmet(id_predmeta, sifra_predmeta, naziv_predmet, kreditne_tocke) VALUES(52, 63052,'Izbrana poglavja iz računalništva in informatike','6');
INSERT INTO Predmet(id_predmeta, sifra_predmeta, naziv_predmet, kreditne_tocke) VALUES(53, 63053,'Računalništvo v praksi I','3');
INSERT INTO Predmet(id_predmeta, sifra_predmeta, naziv_predmet, kreditne_tocke) VALUES(54, 63054,'Računalništvo v praksi II','3');

INSERT into Vrsta_vpisa (naziv_vrsta_vpisa, kratica_vrsta_vpisa) values ('prvi vpis v letnik', 'V1');
INSERT into Vrsta_vpisa (naziv_vrsta_vpisa, kratica_vrsta_vpisa) values ('ponavljanje letnika', 'V2');
INSERT into Vrsta_vpisa (naziv_vrsta_vpisa, kratica_vrsta_vpisa) values ('nadaljevanje letnika', 'V3');
INSERT into Vrsta_vpisa (naziv_vrsta_vpisa, kratica_vrsta_vpisa) values ('absolvent', 'AB');

INSERT into Obcina (naziv_obcina) values ('Ajdovščina');
INSERT into Obcina (naziv_obcina) values ('Apače');
INSERT into Obcina (naziv_obcina) values ('Beltinci');
INSERT into Obcina (naziv_obcina) values ('Benedikt');
INSERT into Obcina (naziv_obcina) values ('Bistrica ob Sotli');
INSERT into Obcina (naziv_obcina) values ('Bled');
INSERT into Obcina (naziv_obcina) values ('Bloke');
INSERT into Obcina (naziv_obcina) values ('Bohinj');
INSERT into Obcina (naziv_obcina) values ('Borovnica');
INSERT into Obcina (naziv_obcina) values ('Bovec');
INSERT into Obcina (naziv_obcina) values ('Braslovče');
INSERT into Obcina (naziv_obcina) values ('Brda');
INSERT into Obcina (naziv_obcina) values ('Brezovica');
INSERT into Obcina (naziv_obcina) values ('Brežice');
INSERT into Obcina (naziv_obcina) values ('Cankova');
INSERT into Obcina (naziv_obcina) values ('Celje');
INSERT into Obcina (naziv_obcina) values ('Cerklje na Gorenjskem');
INSERT into Obcina (naziv_obcina) values ('Cerknica');
INSERT into Obcina (naziv_obcina) values ('Cerkno');
INSERT into Obcina (naziv_obcina) values ('Cerkvenjak');
INSERT into Obcina (naziv_obcina) values ('Cirkulane');
INSERT into Obcina (naziv_obcina) values ('Črenšovci');
INSERT into Obcina (naziv_obcina) values ('Črna na Koroškem');
INSERT into Obcina (naziv_obcina) values ('Črnomelj');
INSERT into Obcina (naziv_obcina) values ('Destrnik');
INSERT into Obcina (naziv_obcina) values ('Divača');
INSERT into Obcina (naziv_obcina) values ('Dobje');
INSERT into Obcina (naziv_obcina) values ('Dobrepolje');
INSERT into Obcina (naziv_obcina) values ('Dobrna');
INSERT into Obcina (naziv_obcina) values ('Dobrova - Polhov Gradec');
INSERT into Obcina (naziv_obcina) values ('Dobrovnik/Dobronak');
INSERT into Obcina (naziv_obcina) values ('Dol pri Ljubljani');
INSERT into Obcina (naziv_obcina) values ('Dolenjske Toplice');
INSERT into Obcina (naziv_obcina) values ('Domžale');
INSERT into Obcina (naziv_obcina) values ('Dornava');
INSERT into Obcina (naziv_obcina) values ('Dravograd');
INSERT into Obcina (naziv_obcina) values ('Duplek');
INSERT into Obcina (naziv_obcina) values ('Gorenja vas - Poljane');
INSERT into Obcina (naziv_obcina) values ('Gorišnica');
INSERT into Obcina (naziv_obcina) values ('Gorje');
INSERT into Obcina (naziv_obcina) values ('Gornja Radgona');
INSERT into Obcina (naziv_obcina) values ('Gornji Grad');
INSERT into Obcina (naziv_obcina) values ('Gornji Petrovci');
INSERT into Obcina (naziv_obcina) values ('Grad');
INSERT into Obcina (naziv_obcina) values ('Grosuplje');
INSERT into Obcina (naziv_obcina) values ('Hajdina');
INSERT into Obcina (naziv_obcina) values ('Hoče - Slivnica');
INSERT into Obcina (naziv_obcina) values ('Hodoš/Hodos');
INSERT into Obcina (naziv_obcina) values ('Horjul');
INSERT into Obcina (naziv_obcina) values ('Hrastnik');
INSERT into Obcina (naziv_obcina) values ('Hrpelje - Kozina');
INSERT into Obcina (naziv_obcina) values ('Idrija');
INSERT into Obcina (naziv_obcina) values ('Ig');
INSERT into Obcina (naziv_obcina) values ('Ilirska Bistrica');
INSERT into Obcina (naziv_obcina) values ('Ivančna Gorica');
INSERT into Obcina (naziv_obcina) values ('Izola/Isola');
INSERT into Obcina (naziv_obcina) values ('Jesenice');
INSERT into Obcina (naziv_obcina) values ('Jezersko');
INSERT into Obcina (naziv_obcina) values ('Juršinci');
INSERT into Obcina (naziv_obcina) values ('Kamnik');
INSERT into Obcina (naziv_obcina) values ('Kanal');
INSERT into Obcina (naziv_obcina) values ('Kidričevo');
INSERT into Obcina (naziv_obcina) values ('Kobarid');
INSERT into Obcina (naziv_obcina) values ('Kobilje');
INSERT into Obcina (naziv_obcina) values ('Kočevje');
INSERT into Obcina (naziv_obcina) values ('Komen');
INSERT into Obcina (naziv_obcina) values ('Komenda');
INSERT into Obcina (naziv_obcina) values ('Koper/Capodistria');
INSERT into Obcina (naziv_obcina) values ('Kostanjevica na Krki');
INSERT into Obcina (naziv_obcina) values ('Kostel');
INSERT into Obcina (naziv_obcina) values ('Kozje');
INSERT into Obcina (naziv_obcina) values ('Kranj');
INSERT into Obcina (naziv_obcina) values ('Kranjska Gora');
INSERT into Obcina (naziv_obcina) values ('Križevci');
INSERT into Obcina (naziv_obcina) values ('Krško');
INSERT into Obcina (naziv_obcina) values ('Kungota');
INSERT into Obcina (naziv_obcina) values ('Kuzma');
INSERT into Obcina (naziv_obcina) values ('Laško');
INSERT into Obcina (naziv_obcina) values ('Lenart');
INSERT into Obcina (naziv_obcina) values ('Lendava/Lendva');
INSERT into Obcina (naziv_obcina) values ('Litija');
INSERT into Obcina (naziv_obcina) values ('Ljubljana');
INSERT into Obcina (naziv_obcina) values ('Ljubno');
INSERT into Obcina (naziv_obcina) values ('Ljutomer');
INSERT into Obcina (naziv_obcina) values ('Log - Dragomer');
INSERT into Obcina (naziv_obcina) values ('Logatec');
INSERT into Obcina (naziv_obcina) values ('Loška dolina');
INSERT into Obcina (naziv_obcina) values ('Loški Potok');
INSERT into Obcina (naziv_obcina) values ('Lovrenc na Pohorju');
INSERT into Obcina (naziv_obcina) values ('Luče');
INSERT into Obcina (naziv_obcina) values ('Lukovica');
INSERT into Obcina (naziv_obcina) values ('Majšperk');
INSERT into Obcina (naziv_obcina) values ('Makole');
INSERT into Obcina (naziv_obcina) values ('Maribor');
INSERT into Obcina (naziv_obcina) values ('Markovci');
INSERT into Obcina (naziv_obcina) values ('Medvode');
INSERT into Obcina (naziv_obcina) values ('Mengeš');
INSERT into Obcina (naziv_obcina) values ('Metlika');
INSERT into Obcina (naziv_obcina) values ('Mežica');
INSERT into Obcina (naziv_obcina) values ('Miklavž na Dravskem polju');
INSERT into Obcina (naziv_obcina) values ('Miren - Kostanjevica');
INSERT into Obcina (naziv_obcina) values ('Mirna Peč');
INSERT into Obcina (naziv_obcina) values ('Mislinja');
INSERT into Obcina (naziv_obcina) values ('Mokronog - Trebelno');
INSERT into Obcina (naziv_obcina) values ('Moravče');
INSERT into Obcina (naziv_obcina) values ('Moravske Toplice');
INSERT into Obcina (naziv_obcina) values ('Mozirje');
INSERT into Obcina (naziv_obcina) values ('Murska Sobota');
INSERT into Obcina (naziv_obcina) values ('Muta');
INSERT into Obcina (naziv_obcina) values ('Naklo');
INSERT into Obcina (naziv_obcina) values ('Nazarje');
INSERT into Obcina (naziv_obcina) values ('Nova Gorica');
INSERT into Obcina (naziv_obcina) values ('Novo mesto');
INSERT into Obcina (naziv_obcina) values ('Odranci');
INSERT into Obcina (naziv_obcina) values ('Oplotnica');
INSERT into Obcina (naziv_obcina) values ('Ormož');
INSERT into Obcina (naziv_obcina) values ('Osilnica');
INSERT into Obcina (naziv_obcina) values ('Pesnica');
INSERT into Obcina (naziv_obcina) values ('Piran/Pirano');
INSERT into Obcina (naziv_obcina) values ('Pivka');
INSERT into Obcina (naziv_obcina) values ('Podčetrtek');
INSERT into Obcina (naziv_obcina) values ('Podlehnik');
INSERT into Obcina (naziv_obcina) values ('Podvelka');
INSERT into Obcina (naziv_obcina) values ('Poljčane');
INSERT into Obcina (naziv_obcina) values ('Polzela');
INSERT into Obcina (naziv_obcina) values ('Postojna');
INSERT into Obcina (naziv_obcina) values ('Prebold');
INSERT into Obcina (naziv_obcina) values ('Preddvor');
INSERT into Obcina (naziv_obcina) values ('Prevalje');
INSERT into Obcina (naziv_obcina) values ('Ptuj');
INSERT into Obcina (naziv_obcina) values ('Puconci');
INSERT into Obcina (naziv_obcina) values ('Rače - Fram');
INSERT into Obcina (naziv_obcina) values ('Radeče');
INSERT into Obcina (naziv_obcina) values ('Radenci');
INSERT into Obcina (naziv_obcina) values ('Radlje ob Dravi');
INSERT into Obcina (naziv_obcina) values ('Radovljica');
INSERT into Obcina (naziv_obcina) values ('Ravne na Koroškem');
INSERT into Obcina (naziv_obcina) values ('Razkrižje');
INSERT into Obcina (naziv_obcina) values ('Rečica ob Savinji');
INSERT into Obcina (naziv_obcina) values ('Renče - Vogrsko');
INSERT into Obcina (naziv_obcina) values ('Ribnica');
INSERT into Obcina (naziv_obcina) values ('Ribnica na Pohorju');
INSERT into Obcina (naziv_obcina) values ('Rogaška Slatina');
INSERT into Obcina (naziv_obcina) values ('Rogašovci');
INSERT into Obcina (naziv_obcina) values ('Rogatec');
INSERT into Obcina (naziv_obcina) values ('Ruše');
INSERT into Obcina (naziv_obcina) values ('Selnica ob Dravi');
INSERT into Obcina (naziv_obcina) values ('Semič');
INSERT into Obcina (naziv_obcina) values ('Sevnica');
INSERT into Obcina (naziv_obcina) values ('Sežana');
INSERT into Obcina (naziv_obcina) values ('Slovenj Gradec');
INSERT into Obcina (naziv_obcina) values ('Slovenska Bistrica');
INSERT into Obcina (naziv_obcina) values ('Slovenske Konjice');
INSERT into Obcina (naziv_obcina) values ('Sodražica');
INSERT into Obcina (naziv_obcina) values ('Solčava');
INSERT into Obcina (naziv_obcina) values ('Središče ob Dravi');
INSERT into Obcina (naziv_obcina) values ('Starše');
INSERT into Obcina (naziv_obcina) values ('Straža');
INSERT into Obcina (naziv_obcina) values ('Sveta Ana');
INSERT into Obcina (naziv_obcina) values ('Sveta Trojica v Slov. goricah');
INSERT into Obcina (naziv_obcina) values ('Sveti Andraž v Slov. goricah');
INSERT into Obcina (naziv_obcina) values ('Sveti Jurij ob Ščavnici');
INSERT into Obcina (naziv_obcina) values ('Sveti Jurij v Slov. goricah');
INSERT into Obcina (naziv_obcina) values ('Sveti Tomaž');
INSERT into Obcina (naziv_obcina) values ('Šalovci');
INSERT into Obcina (naziv_obcina) values ('Šempeter - Vrtojba');
INSERT into Obcina (naziv_obcina) values ('Šenčur');
INSERT into Obcina (naziv_obcina) values ('Šentilj');
INSERT into Obcina (naziv_obcina) values ('Šentjernej');
INSERT into Obcina (naziv_obcina) values ('Šentjur');
INSERT into Obcina (naziv_obcina) values ('Šentrupert');
INSERT into Obcina (naziv_obcina) values ('Škocjan');
INSERT into Obcina (naziv_obcina) values ('Škofja Loka');
INSERT into Obcina (naziv_obcina) values ('Škofljica');
INSERT into Obcina (naziv_obcina) values ('Šmarje pri Jelšah');
INSERT into Obcina (naziv_obcina) values ('Šmarješke Toplice');
INSERT into Obcina (naziv_obcina) values ('Šmartno ob Paki');
INSERT into Obcina (naziv_obcina) values ('Šmartno pri Litiji');
INSERT into Obcina (naziv_obcina) values ('Šoštanj');
INSERT into Obcina (naziv_obcina) values ('Štore');
INSERT into Obcina (naziv_obcina) values ('Tabor');
INSERT into Obcina (naziv_obcina) values ('Tišina');
INSERT into Obcina (naziv_obcina) values ('Tolmin');
INSERT into Obcina (naziv_obcina) values ('Trbovlje');
INSERT into Obcina (naziv_obcina) values ('Trebnje');
INSERT into Obcina (naziv_obcina) values ('Trnovska vas');
INSERT into Obcina (naziv_obcina) values ('Trzin');
INSERT into Obcina (naziv_obcina) values ('Tržič');
INSERT into Obcina (naziv_obcina) values ('Turnišče');
INSERT into Obcina (naziv_obcina) values ('Velenje');
INSERT into Obcina (naziv_obcina) values ('Velika Polana');
INSERT into Obcina (naziv_obcina) values ('Velike Lašče');
INSERT into Obcina (naziv_obcina) values ('Veržej');
INSERT into Obcina (naziv_obcina) values ('Videm');
INSERT into Obcina (naziv_obcina) values ('Vipava');
INSERT into Obcina (naziv_obcina) values ('Vitanje');
INSERT into Obcina (naziv_obcina) values ('Vodice');
INSERT into Obcina (naziv_obcina) values ('Vojnik');
INSERT into Obcina (naziv_obcina) values ('Vransko');
INSERT into Obcina (naziv_obcina) values ('Vrhnika');
INSERT into Obcina (naziv_obcina) values ('Vuzenica');
INSERT into Obcina (naziv_obcina) values ('Zagorje ob Savi');
INSERT into Obcina (naziv_obcina) values ('Zavrč');
INSERT into Obcina (naziv_obcina) values ('Zreče');
INSERT into Obcina (naziv_obcina) values ('Žalec');
INSERT into Obcina (naziv_obcina) values ('Železniki');
INSERT into Obcina (naziv_obcina) values ('Žetale');
INSERT into Obcina (naziv_obcina) values ('Žiri');
INSERT into Obcina (naziv_obcina) values ('Žirovnica');
INSERT into Obcina (naziv_obcina) values ('Žužemberk');

INSERT into Modul (naziv_modul) values ('Informacijski sistemi');
INSERT into Modul (naziv_modul) values ('Obvladovanje informatike');
INSERT into Modul (naziv_modul) values ('Razvoj programske opreme');
INSERT into Modul (naziv_modul) values ('Računalniška omrežja');
INSERT into Modul (naziv_modul) values ('Računalniški sistemi');
INSERT into Modul (naziv_modul) values ('Algoritmi in sistemski programi');
INSERT into Modul (naziv_modul) values ('Umetna inteligenca');
INSERT into Modul (naziv_modul) values ('Medijske tehnologije');

INSERT into Studij (id_studija, fk_studijska_smer, fk_studijska_vrsta, fk_studijski_program, sifra_studija) values (1, 1, 9, 6, 'L300');
INSERT into Studij (id_studija, fk_studijska_smer, fk_studijska_vrsta, fk_studijski_program, sifra_studija) values (2, 1, 7, 2, 'P700');
INSERT into Studij (id_studija, fk_studijska_smer, fk_studijska_vrsta, fk_studijski_program, sifra_studija) values (3, 2, 6, 1, 'HB10');
INSERT into Studij (id_studija, fk_studijska_smer, fk_studijska_vrsta, fk_studijski_program, sifra_studija) values (4, 3, 6, 1, 'HB20');
INSERT into Studij (id_studija, fk_studijska_smer, fk_studijska_vrsta, fk_studijski_program, sifra_studija) values (5, 4, 6, 1, 'HB30');
INSERT into Studij (id_studija, fk_studijska_smer, fk_studijska_vrsta, fk_studijski_program, sifra_studija) values (6, 1, 9, 1, '7100');
INSERT into Studij (id_studija, fk_studijska_smer, fk_studijska_vrsta, fk_studijski_program, sifra_studija) values (7, 1, 6, 1, 'HB00');
INSERT into Studij (id_studija, fk_studijska_smer, fk_studijska_vrsta, fk_studijski_program, sifra_studija) values (8, 1, 7, 1, 'L200');
INSERT into Studij (id_studija, fk_studijska_smer, fk_studijska_vrsta, fk_studijski_program, sifra_studija) values (9, 2, 7, 1, 'L210');
INSERT into Studij (id_studija, fk_studijska_smer, fk_studijska_vrsta, fk_studijski_program, sifra_studija) values (10, 3, 7, 1, 'L220');
INSERT into Studij (id_studija, fk_studijska_smer, fk_studijska_vrsta, fk_studijski_program, sifra_studija) values (11, 4, 7, 1, 'L230');
INSERT into Studij (id_studija, fk_studijska_smer, fk_studijska_vrsta, fk_studijski_program, sifra_studija) values (12, 5, 7, 1, 'L240');
INSERT into Studij (id_studija, fk_studijska_smer, fk_studijska_vrsta, fk_studijski_program, sifra_studija) values (13, 1, 2, 1, 'VT00');
INSERT into Studij (id_studija, fk_studijska_smer, fk_studijska_vrsta, fk_studijski_program, sifra_studija) values (14, 1, 1, 1, 'VU00');
INSERT into Studij (id_studija, fk_studijska_smer, fk_studijska_vrsta, fk_studijski_program, sifra_studija) values (15, 1, 2, 2, 'VV00');
INSERT into Studij (id_studija, fk_studijska_smer, fk_studijska_vrsta, fk_studijski_program, sifra_studija) values (16, 1, 3, 5, 'X500');
INSERT into Studij (id_studija, fk_studijska_smer, fk_studijska_vrsta, fk_studijski_program, sifra_studija) values (17, 1, 5, 1, 'X600');
INSERT into Studij (id_studija, fk_studijska_smer, fk_studijska_vrsta, fk_studijski_program, sifra_studija) values (18, 1, 5, 4, 'XU00');

INSERT INTO Naslov(ulica, fk_kraj, fk_drzava, fk_obcina) VALUES ('Tržaška 25', 201, 201, 82);

INSERT INTO Oseba(id_oseba, ime, priimek, emso, up_ime, geslo, davcna_st, fk_naslov_stalni,telefon) VALUES (1,'Ivan','Bratko','','ivanbratko','ivanbratko','',1,'+386 1 4768 393');
INSERT INTO Oseba(id_oseba, ime, priimek, emso, up_ime, geslo, davcna_st, fk_naslov_stalni,telefon) VALUES (2, 'Saša','Divjak','','sasadivjak','sasadivjak','',1,'+386 1 4768 483');
INSERT INTO Oseba(id_oseba, ime, priimek, emso, up_ime, geslo, davcna_st, fk_naslov_stalni,telefon) VALUES (3, 'Andrej','Dobnikar','','andrejdobnikar','andrejdobnikar','',1,'+386 1 4768 382');
INSERT INTO Oseba(id_oseba, ime, priimek, emso, up_ime, geslo, davcna_st, fk_naslov_stalni,telefon) VALUES (4,'Franc','Jager','','francjager','francjager','',1,'+386 1 4768 362');
INSERT INTO Oseba(id_oseba, ime, priimek, emso, up_ime, geslo, davcna_st, fk_naslov_stalni,telefon) VALUES (5,'Matjaž Branko','Jurič','','matjazjuric','matjazjuric','',1,'+386 1 4768 791');
INSERT INTO Oseba(id_oseba, ime, priimek, emso, up_ime, geslo, davcna_st, fk_naslov_stalni,telefon) VALUES (6,'Aleksandar','Jurišić','','aleksandarjurisic','aleksandarjurisic','',1,'+386 1 47 68 183');
INSERT INTO Oseba(id_oseba, ime, priimek, emso, up_ime, geslo, davcna_st, fk_naslov_stalni,telefon) VALUES (7,'Dušan','Kodek','','dusankodek','dusankodek','',1,'+386 1 4768 392');
INSERT INTO Oseba(id_oseba, ime, priimek, emso, up_ime, geslo, davcna_st, fk_naslov_stalni,telefon) VALUES (8,'Igor','Kononenko','','igorkononenko','igorkononenko','',1,'+386 1 4768 390');
INSERT INTO Oseba(id_oseba, ime, priimek, emso, up_ime, geslo, davcna_st, fk_naslov_stalni,telefon) VALUES (9,'Aleš','Leonardis','','alesleonardis','alesleonardis','',1,'+386 1 4768 868');
INSERT INTO Oseba(id_oseba, ime, priimek, emso, up_ime, geslo, davcna_st, fk_naslov_stalni,telefon) VALUES (10,'Neža','Mramor','','nezamramor','nezamramor','',1,'+386 1 4768 258');
INSERT INTO Oseba(id_oseba, ime, priimek, emso, up_ime, geslo, davcna_st, fk_naslov_stalni,telefon) VALUES (11,'Borut','Robič','','borutrobic','borutrobic','',1,'+386 1 4768 867');
INSERT INTO Oseba(id_oseba, ime, priimek, emso, up_ime, geslo, davcna_st, fk_naslov_stalni,telefon) VALUES (12,'Franc','Solina','','francsolina','francsolina','',1,'+386 1 4768 381');
INSERT INTO Oseba(id_oseba, ime, priimek, emso, up_ime, geslo, davcna_st, fk_naslov_stalni,telefon) VALUES (13,'Denis','Trček','','denistrcek','denistrcek','',1,'+386 1 4768 918');
INSERT INTO Oseba(id_oseba, ime, priimek, emso, up_ime, geslo, davcna_st, fk_naslov_stalni,telefon) VALUES (14,'Nikolaj','Zimic','','nikolajzimic','nikolajzimic','',1,'+386 1 4768 395');
INSERT INTO Oseba(id_oseba, ime, priimek, emso, up_ime, geslo, davcna_st, fk_naslov_stalni,telefon) VALUES (15,'Blaž','Zupan','','blazzupan','blazzupan','',1,'+386 1 4768 402');
INSERT INTO Oseba(id_oseba, ime, priimek, emso, up_ime, geslo, davcna_st, fk_naslov_stalni,telefon) VALUES (16,'Marko','Bajec','','markobajec','markobajec','',1,'+386 1 4768 814');
INSERT INTO Oseba(id_oseba, ime, priimek, emso, up_ime, geslo, davcna_st, fk_naslov_stalni,telefon) VALUES (17,'Patricio','Bulić','','patriciobulic','patriciobulic','',1,'+386 1 4768 361');
INSERT INTO Oseba(id_oseba, ime, priimek, emso, up_ime, geslo, davcna_st, fk_naslov_stalni,telefon) VALUES (18,'Gašper','Fijavž','','gasperfijavz','gasperfijavz','',1,'+386 1 4768 871');
INSERT INTO Oseba(id_oseba, ime, priimek, emso, up_ime, geslo, davcna_st, fk_naslov_stalni,telefon) VALUES (19,'Veselko','Guštin','','veselkogustin','veselkogustin','',1,'+386 1 4768 384');
INSERT INTO Oseba(id_oseba, ime, priimek, emso, up_ime, geslo, davcna_st, fk_naslov_stalni,telefon) VALUES (20,'Marjan','Krisper','','marjankrisper','marjankrisper','',1,'+386 1 4768 388');
INSERT INTO Oseba(id_oseba, ime, priimek, emso, up_ime, geslo, davcna_st, fk_naslov_stalni,telefon) VALUES (21,'Uroš','Lotrič','','uroslotric','uroslotric','',1,'+386 1 4768 874');
INSERT INTO Oseba(id_oseba, ime, priimek, emso, up_ime, geslo, davcna_st, fk_naslov_stalni,telefon) VALUES (22,'Viljan','Mahnič','','viljanmahnic','viljanmahnic','',1,'+386 1 4768 447');
INSERT INTO Oseba(id_oseba, ime, priimek, emso, up_ime, geslo, davcna_st, fk_naslov_stalni,telefon) VALUES (23,'Miha','Mraz','','mihamraz','mihamraz','',1,'+386 1 4768 372');
INSERT INTO Oseba(id_oseba, ime, priimek, emso, up_ime, geslo, davcna_st, fk_naslov_stalni,telefon) VALUES (24,'Bojan','Orel','','bojanorel','bojanorel','',1,'+386 1 4768 870');
INSERT INTO Oseba(id_oseba, ime, priimek, emso, up_ime, geslo, davcna_st, fk_naslov_stalni,telefon) VALUES (25,'Marko','Robnik-Šikonja','','markorobnik','markorobnik','',1,'+386 1 4768 188');
INSERT INTO Oseba(id_oseba, ime, priimek, emso, up_ime, geslo, davcna_st, fk_naslov_stalni,telefon) VALUES (26,'Branko','Šter','','brankoster','brankoster','',1,'+386 1 4768 783');
INSERT INTO Oseba(id_oseba, ime, priimek, emso, up_ime, geslo, davcna_st, fk_naslov_stalni,telefon) VALUES (27,'Narvika','Bovcon','','narvikabovcon','narvikabovcon','',1,'+386 1 4768 182');
INSERT INTO Oseba(id_oseba, ime, priimek, emso, up_ime, geslo, davcna_st, fk_naslov_stalni,telefon) VALUES (28,'Andrej','Brodnik','','andrejbrodnik','andrejbrodnik','',1,'+386 1 4768 917');
INSERT INTO Oseba(id_oseba, ime, priimek, emso, up_ime, geslo, davcna_st, fk_naslov_stalni,telefon) VALUES (29,'Janez','Demšar','','janezdemsar','janezdemsar','',1,'+386 1 4768 813');
INSERT INTO Oseba(id_oseba, ime, priimek, emso, up_ime, geslo, davcna_st, fk_naslov_stalni,telefon) VALUES (30,'Matjaž','Kukar','','matjazkukar','matjazkukar','',1,'+386 1 4768 914');
INSERT INTO Oseba(id_oseba, ime, priimek, emso, up_ime, geslo, davcna_st, fk_naslov_stalni,telefon) VALUES (31,'Iztok','Lebar','','iztoklebar','iztoklebar','',1,'+386 1 4768 785');
INSERT INTO Oseba(id_oseba, ime, priimek, emso, up_ime, geslo, davcna_st, fk_naslov_stalni,telefon) VALUES (32,'Matija','Marolt','','matijamarolt','matijamarolt','',1,'+386 1 4768 483');
INSERT INTO Oseba(id_oseba, ime, priimek, emso, up_ime, geslo, davcna_st, fk_naslov_stalni,telefon) VALUES (33,'Polona','Oblak','','polonaoblak','polonaoblak','',1,'+386 1 4768 793');
INSERT INTO Oseba(id_oseba, ime, priimek, emso, up_ime, geslo, davcna_st, fk_naslov_stalni,telefon) VALUES (34,'Peter','Peer','','peterpeer','peterpeer','',1,'+386 1 4768 878');
INSERT INTO Oseba(id_oseba, ime, priimek, emso, up_ime, geslo, davcna_st, fk_naslov_stalni,telefon) VALUES (35,'Danijel','Skočaj','','danijelskocaj','danijelskocaj','',1,'+386 1 4768 189');
INSERT INTO Oseba(id_oseba, ime, priimek, emso, up_ime, geslo, davcna_st, fk_naslov_stalni,telefon) VALUES (36,'Mira','Trebar','','miratrebar','miratrebar','',1,'+386 1 4768 254');
INSERT INTO Oseba(id_oseba, ime, priimek, emso, up_ime, geslo, davcna_st, fk_naslov_stalni,telefon) VALUES (37,'Vladislav','Rajkovič','','vladisalvrajkovic','vladisalvrajkovic','',1,'+386 1 4768 254');
INSERT INTO Oseba(id_oseba, ime, priimek, emso, up_ime, geslo, davcna_st, fk_naslov_stalni,telefon) VALUES (38,'Milan','Ambrožič','','milanambrozic','milanambrozic','',1,'+386 1 4768 254');
INSERT INTO Oseba(id_oseba, ime, priimek, emso, up_ime, geslo, davcna_st, fk_naslov_stalni,telefon) VALUES (39,'Mateja','Drnovšek','','matejadrnovsek','matejadrnovsek','',1,'+386 1 4768 254');
INSERT INTO Oseba(id_oseba, ime, priimek, emso, up_ime, geslo, davcna_st, fk_naslov_stalni,telefon) VALUES (40,'Miha','Škerlavaj','','mihaskerlavaj','mihaskerlavaj','',1,'+386 1 4768 254');

INSERT INTO Vloga_oseba(id_vloga_oseba, naziv_vloga_oseba) VALUES (1, 'student');
INSERT INTO Vloga_oseba(id_vloga_oseba, naziv_vloga_oseba) VALUES (2, 'skrbnik');
INSERT INTO Vloga_oseba(id_vloga_oseba, naziv_vloga_oseba) VALUES (3, 'referentka');
INSERT INTO Vloga_oseba(id_vloga_oseba, naziv_vloga_oseba) VALUES (4, 'ucitelj');

INSERT INTO Vloga_oseba_has_Oseba(fk_vloga_oseba, fk_oseba) VALUES(4, 1);
INSERT INTO Vloga_oseba_has_Oseba(fk_vloga_oseba, fk_oseba) VALUES(4, 2);
INSERT INTO Vloga_oseba_has_Oseba(fk_vloga_oseba, fk_oseba) VALUES(4, 3);
INSERT INTO Vloga_oseba_has_Oseba(fk_vloga_oseba, fk_oseba) VALUES(4, 4);
INSERT INTO Vloga_oseba_has_Oseba(fk_vloga_oseba, fk_oseba) VALUES(4, 5);
INSERT INTO Vloga_oseba_has_Oseba(fk_vloga_oseba, fk_oseba) VALUES(4, 6);
INSERT INTO Vloga_oseba_has_Oseba(fk_vloga_oseba, fk_oseba) VALUES(4, 7);
INSERT INTO Vloga_oseba_has_Oseba(fk_vloga_oseba, fk_oseba) VALUES(4, 8);
INSERT INTO Vloga_oseba_has_Oseba(fk_vloga_oseba, fk_oseba) VALUES(4, 9);
INSERT INTO Vloga_oseba_has_Oseba(fk_vloga_oseba, fk_oseba) VALUES(4, 10);
INSERT INTO Vloga_oseba_has_Oseba(fk_vloga_oseba, fk_oseba) VALUES(4, 11);
INSERT INTO Vloga_oseba_has_Oseba(fk_vloga_oseba, fk_oseba) VALUES(4, 12);
INSERT INTO Vloga_oseba_has_Oseba(fk_vloga_oseba, fk_oseba) VALUES(4, 13);
INSERT INTO Vloga_oseba_has_Oseba(fk_vloga_oseba, fk_oseba) VALUES(4, 14);
INSERT INTO Vloga_oseba_has_Oseba(fk_vloga_oseba, fk_oseba) VALUES(4, 15);
INSERT INTO Vloga_oseba_has_Oseba(fk_vloga_oseba, fk_oseba) VALUES(4, 16);
INSERT INTO Vloga_oseba_has_Oseba(fk_vloga_oseba, fk_oseba) VALUES(4, 17);
INSERT INTO Vloga_oseba_has_Oseba(fk_vloga_oseba, fk_oseba) VALUES(4, 18);
INSERT INTO Vloga_oseba_has_Oseba(fk_vloga_oseba, fk_oseba) VALUES(4, 19);
INSERT INTO Vloga_oseba_has_Oseba(fk_vloga_oseba, fk_oseba) VALUES(4, 20);
INSERT INTO Vloga_oseba_has_Oseba(fk_vloga_oseba, fk_oseba) VALUES(4, 21);
INSERT INTO Vloga_oseba_has_Oseba(fk_vloga_oseba, fk_oseba) VALUES(1, 22);
INSERT INTO Vloga_oseba_has_Oseba(fk_vloga_oseba, fk_oseba) VALUES(2, 22);
INSERT INTO Vloga_oseba_has_Oseba(fk_vloga_oseba, fk_oseba) VALUES(3, 22);
INSERT INTO Vloga_oseba_has_Oseba(fk_vloga_oseba, fk_oseba) VALUES(4, 22);
INSERT INTO Vloga_oseba_has_Oseba(fk_vloga_oseba, fk_oseba) VALUES(4, 23);
INSERT INTO Vloga_oseba_has_Oseba(fk_vloga_oseba, fk_oseba) VALUES(4, 24);
INSERT INTO Vloga_oseba_has_Oseba(fk_vloga_oseba, fk_oseba) VALUES(4, 25);
INSERT INTO Vloga_oseba_has_Oseba(fk_vloga_oseba, fk_oseba) VALUES(4, 26);
INSERT INTO Vloga_oseba_has_Oseba(fk_vloga_oseba, fk_oseba) VALUES(4, 27);
INSERT INTO Vloga_oseba_has_Oseba(fk_vloga_oseba, fk_oseba) VALUES(4, 28);
INSERT INTO Vloga_oseba_has_Oseba(fk_vloga_oseba, fk_oseba) VALUES(4, 29);
INSERT INTO Vloga_oseba_has_Oseba(fk_vloga_oseba, fk_oseba) VALUES(4, 30);
INSERT INTO Vloga_oseba_has_Oseba(fk_vloga_oseba, fk_oseba) VALUES(4, 31);
INSERT INTO Vloga_oseba_has_Oseba(fk_vloga_oseba, fk_oseba) VALUES(4, 32);
INSERT INTO Vloga_oseba_has_Oseba(fk_vloga_oseba, fk_oseba) VALUES(4, 33);
INSERT INTO Vloga_oseba_has_Oseba(fk_vloga_oseba, fk_oseba) VALUES(4, 34);
INSERT INTO Vloga_oseba_has_Oseba(fk_vloga_oseba, fk_oseba) VALUES(4, 35);
INSERT INTO Vloga_oseba_has_Oseba(fk_vloga_oseba, fk_oseba) VALUES(4, 36);
INSERT INTO Vloga_oseba_has_Oseba(fk_vloga_oseba, fk_oseba) VALUES(4, 37);
INSERT INTO Vloga_oseba_has_Oseba(fk_vloga_oseba, fk_oseba) VALUES(4, 38);
INSERT INTO Vloga_oseba_has_Oseba(fk_vloga_oseba, fk_oseba) VALUES(4, 39);
INSERT INTO Vloga_oseba_has_Oseba(fk_vloga_oseba, fk_oseba) VALUES(4, 40);

INSERT INTO Prijava(id_prijava, fk_oseba, st_poizkusov) VALUES(1, 1, 0);
INSERT INTO Prijava(id_prijava, fk_oseba, st_poizkusov) VALUES(2, 2, 0);
INSERT INTO Prijava(id_prijava, fk_oseba, st_poizkusov) VALUES(3, 3, 0);
INSERT INTO Prijava(id_prijava, fk_oseba, st_poizkusov) VALUES(4, 4, 0);
INSERT INTO Prijava(id_prijava, fk_oseba, st_poizkusov) VALUES(5, 5, 0);
INSERT INTO Prijava(id_prijava, fk_oseba, st_poizkusov) VALUES(6, 6, 0);
INSERT INTO Prijava(id_prijava, fk_oseba, st_poizkusov) VALUES(7, 7, 0);
INSERT INTO Prijava(id_prijava, fk_oseba, st_poizkusov) VALUES(8, 8, 0);
INSERT INTO Prijava(id_prijava, fk_oseba, st_poizkusov) VALUES(9, 9, 0);
INSERT INTO Prijava(id_prijava, fk_oseba, st_poizkusov) VALUES(10, 10, 0);
INSERT INTO Prijava(id_prijava, fk_oseba, st_poizkusov) VALUES(11, 11, 0);
INSERT INTO Prijava(id_prijava, fk_oseba, st_poizkusov) VALUES(12, 12, 0);
INSERT INTO Prijava(id_prijava, fk_oseba, st_poizkusov) VALUES(13, 13, 0);
INSERT INTO Prijava(id_prijava, fk_oseba, st_poizkusov) VALUES(14, 14, 0);
INSERT INTO Prijava(id_prijava, fk_oseba, st_poizkusov) VALUES(15, 15, 0);
INSERT INTO Prijava(id_prijava, fk_oseba, st_poizkusov) VALUES(16, 16, 0);
INSERT INTO Prijava(id_prijava, fk_oseba, st_poizkusov) VALUES(17, 17, 0);
INSERT INTO Prijava(id_prijava, fk_oseba, st_poizkusov) VALUES(18, 18, 0);
INSERT INTO Prijava(id_prijava, fk_oseba, st_poizkusov) VALUES(19, 19, 0);
INSERT INTO Prijava(id_prijava, fk_oseba, st_poizkusov) VALUES(20, 20, 0);
INSERT INTO Prijava(id_prijava, fk_oseba, st_poizkusov) VALUES(21, 21, 0);
INSERT INTO Prijava(id_prijava, fk_oseba, st_poizkusov) VALUES(22, 22, 0);
INSERT INTO Prijava(id_prijava, fk_oseba, st_poizkusov) VALUES(23, 23, 0);
INSERT INTO Prijava(id_prijava, fk_oseba, st_poizkusov) VALUES(24, 24, 0);
INSERT INTO Prijava(id_prijava, fk_oseba, st_poizkusov) VALUES(25, 25, 0);
INSERT INTO Prijava(id_prijava, fk_oseba, st_poizkusov) VALUES(26, 26, 0);
INSERT INTO Prijava(id_prijava, fk_oseba, st_poizkusov) VALUES(27, 27, 0);
INSERT INTO Prijava(id_prijava, fk_oseba, st_poizkusov) VALUES(28, 28, 0);
INSERT INTO Prijava(id_prijava, fk_oseba, st_poizkusov) VALUES(29, 29, 0);
INSERT INTO Prijava(id_prijava, fk_oseba, st_poizkusov) VALUES(30, 30, 0);
INSERT INTO Prijava(id_prijava, fk_oseba, st_poizkusov) VALUES(31, 31, 0);
INSERT INTO Prijava(id_prijava, fk_oseba, st_poizkusov) VALUES(32, 32, 0);
INSERT INTO Prijava(id_prijava, fk_oseba, st_poizkusov) VALUES(33, 33, 0);
INSERT INTO Prijava(id_prijava, fk_oseba, st_poizkusov) VALUES(34, 34, 0);
INSERT INTO Prijava(id_prijava, fk_oseba, st_poizkusov) VALUES(35, 35, 0);
INSERT INTO Prijava(id_prijava, fk_oseba, st_poizkusov) VALUES(36, 36, 0);
INSERT INTO Prijava(id_prijava, fk_oseba, st_poizkusov) VALUES(37, 37, 0);
INSERT INTO Prijava(id_prijava, fk_oseba, st_poizkusov) VALUES(38, 38, 0);
INSERT INTO Prijava(id_prijava, fk_oseba, st_poizkusov) VALUES(39, 39, 0);
INSERT INTO Prijava(id_prijava, fk_oseba, st_poizkusov) VALUES(40, 40, 0);

-- 2011/2012
INSERT into Letnik (id_letnik, naziv_letnik, fk_studij, studijsko_leto) values (1, '1', 1, '2011/2012'); -- INFOR.SIST. IN ODLOČ.-MAG
INSERT into Letnik (id_letnik, naziv_letnik, fk_studij, studijsko_leto) values (2, '2', 1, '2011/2012');
INSERT into Letnik (id_letnik, naziv_letnik, fk_studij, studijsko_leto) values (3, '9 - absolvent magisterskega študija', 1, '2011/2012');
INSERT into Letnik (id_letnik, naziv_letnik, fk_studij, studijsko_leto) values (4, '1', 2, '2011/2012'); -- RAČUNALNIŠTVO IN MATEMATIKA - UN
INSERT into Letnik (id_letnik, naziv_letnik, fk_studij, studijsko_leto) values (5, '2', 2, '2011/2012');
INSERT into Letnik (id_letnik, naziv_letnik, fk_studij, studijsko_leto) values (6, '3', 2, '2011/2012');
INSERT into Letnik (id_letnik, naziv_letnik, fk_studij, studijsko_leto) values (7, '4', 2, '2011/2012');
INSERT into Letnik (id_letnik, naziv_letnik, fk_studij, studijsko_leto) values (8, '8 - absolvent univerzitetnega študija', 2, '2011/2012');
INSERT into Letnik (id_letnik, naziv_letnik, fk_studij, studijsko_leto) values (9, '2', 3, '2011/2012'); -- RI-LOGIKA IN SISTEMI -VS
INSERT into Letnik (id_letnik, naziv_letnik, fk_studij, studijsko_leto) values (10, '3', 3, '2011/2012');
INSERT into Letnik (id_letnik, naziv_letnik, fk_studij, studijsko_leto) values (11, '7 - absolvent visokošolskega študija', 3, '2011/2012');
INSERT into Letnik (id_letnik, naziv_letnik, fk_studij, studijsko_leto) values (12, '2', 4, '2011/2012'); -- RI-PROGRAMSKA OPREMA -VS
INSERT into Letnik (id_letnik, naziv_letnik, fk_studij, studijsko_leto) values (13, '3', 4, '2011/2012');
INSERT into Letnik (id_letnik, naziv_letnik, fk_studij, studijsko_leto) values (14, '7 - absolvent visokošolskega študija', 4, '2011/2012');
INSERT into Letnik (id_letnik, naziv_letnik, fk_studij, studijsko_leto) values (15, '2', 5, '2011/2012'); -- RI-INFORMATIKA       -VS
INSERT into Letnik (id_letnik, naziv_letnik, fk_studij, studijsko_leto) values (16, '3', 5, '2011/2012');
INSERT into Letnik (id_letnik, naziv_letnik, fk_studij, studijsko_leto) values (17, '7 - absolvent visokošolskega študija', 5, '2011/2012');
INSERT into Letnik (id_letnik, naziv_letnik, fk_studij, studijsko_leto) values (18, '1', 6, '2011/2012'); -- RAČUNALNIŠTVO IN INFORMATIKA - MAG
INSERT into Letnik (id_letnik, naziv_letnik, fk_studij, studijsko_leto) values (19, '2', 6, '2011/2012');
INSERT into Letnik (id_letnik, naziv_letnik, fk_studij, studijsko_leto) values (20, '9 - absolvent magisterskega študija', 6, '2011/2012');
INSERT into Letnik (id_letnik, naziv_letnik, fk_studij, studijsko_leto) values (21, '1', 7, '2011/2012'); -- RAČUNALNIŠTVO IN INFORMATIKA - VS
INSERT into Letnik (id_letnik, naziv_letnik, fk_studij, studijsko_leto) values (22, '1', 8, '2011/2012'); -- RI - BREZ SMERI - UN
INSERT into Letnik (id_letnik, naziv_letnik, fk_studij, studijsko_leto) values (23, '2', 8, '2011/2012');
INSERT into Letnik (id_letnik, naziv_letnik, fk_studij, studijsko_leto) values (24, '3', 9, '2011/2012'); -- RI - LOGIKA IN SISTEMI - UN
INSERT into Letnik (id_letnik, naziv_letnik, fk_studij, studijsko_leto) values (25, '4', 9, '2011/2012');
INSERT into Letnik (id_letnik, naziv_letnik, fk_studij, studijsko_leto) values (26, '8 - absolvent univerzitetnega študija', 9, '2011/2012');
INSERT into Letnik (id_letnik, naziv_letnik, fk_studij, studijsko_leto) values (27, '3', 10, '2011/2012'); -- RI - PROGRAMSKA OPREMA - UN
INSERT into Letnik (id_letnik, naziv_letnik, fk_studij, studijsko_leto) values (28, '4', 10, '2011/2012');
INSERT into Letnik (id_letnik, naziv_letnik, fk_studij, studijsko_leto) values (29, '8 - absolvent univerzitetnega študija', 10, '2011/2012');
INSERT into Letnik (id_letnik, naziv_letnik, fk_studij, studijsko_leto) values (30, '3', 11, '2011/2012'); -- RI - INFORMATIKA - UN
INSERT into Letnik (id_letnik, naziv_letnik, fk_studij, studijsko_leto) values (31, '4', 11, '2011/2012');
INSERT into Letnik (id_letnik, naziv_letnik, fk_studij, studijsko_leto) values (32, '8 - absolvent univerzitetnega študija', 11, '2011/2012');
INSERT into Letnik (id_letnik, naziv_letnik, fk_studij, studijsko_leto) values (33, '3', 12, '2011/2012'); -- RI - RAČUNALNI©KI SISTEMI - UN
INSERT into Letnik (id_letnik, naziv_letnik, fk_studij, studijsko_leto) values (34, '4', 12, '2011/2012');
INSERT into Letnik (id_letnik, naziv_letnik, fk_studij, studijsko_leto) values (35, '8 - absolvent univerzitetnega študija', 12, '2011/2012');
INSERT into Letnik (id_letnik, naziv_letnik, fk_studij, studijsko_leto) values (36, '1', 13, '2011/2012'); -- RAČUNALNIŠTVO IN INFORMATIKA - BUN
INSERT into Letnik (id_letnik, naziv_letnik, fk_studij, studijsko_leto) values (37, '2', 13, '2011/2012');
INSERT into Letnik (id_letnik, naziv_letnik, fk_studij, studijsko_leto) values (38, '3', 13, '2011/2012');
INSERT into Letnik (id_letnik, naziv_letnik, fk_studij, studijsko_leto) values (39, '8 - absolvent univerzitetnega študija', 13, '2011/2012');
INSERT into Letnik (id_letnik, naziv_letnik, fk_studij, studijsko_leto) values (40, '1', 14, '2011/2012'); -- RAČUNALNIŠTVO IN INFORMATIKA - BVS
INSERT into Letnik (id_letnik, naziv_letnik, fk_studij, studijsko_leto) values (41, '2', 14, '2011/2012');
INSERT into Letnik (id_letnik, naziv_letnik, fk_studij, studijsko_leto) values (42, '3', 14, '2011/2012');
INSERT into Letnik (id_letnik, naziv_letnik, fk_studij, studijsko_leto) values (43, '7 - absolvent visokošolskega študija', 14, '2011/2012');
INSERT into Letnik (id_letnik, naziv_letnik, fk_studij, studijsko_leto) values (44, '1', 15, '2011/2012'); -- RAČUNALNIŠTVO IN MATEMATIKA - BUN
INSERT into Letnik (id_letnik, naziv_letnik, fk_studij, studijsko_leto) values (45, '2', 15, '2011/2012');
INSERT into Letnik (id_letnik, naziv_letnik, fk_studij, studijsko_leto) values (46, '3', 15, '2011/2012');
INSERT into Letnik (id_letnik, naziv_letnik, fk_studij, studijsko_leto) values (47, '8 - absolvent univerzitetnega študija', 15, '2011/2012');
INSERT into Letnik (id_letnik, naziv_letnik, fk_studij, studijsko_leto) values (48, '1', 16, '2011/2012'); -- KOGNITIVNE ZNANOSTI - BMA
INSERT into Letnik (id_letnik, naziv_letnik, fk_studij, studijsko_leto) values (49, '2', 16, '2011/2012');
INSERT into Letnik (id_letnik, naziv_letnik, fk_studij, studijsko_leto) values (50, '9 - absolvent magisterskega študija', 16, '2011/2012');
INSERT into Letnik (id_letnik, naziv_letnik, fk_studij, studijsko_leto) values (51, '1', 17, '2011/2012'); -- RAČUNALNIŠTVO IN INFORMATIKA - BDR
INSERT into Letnik (id_letnik, naziv_letnik, fk_studij, studijsko_leto) values (52, '2', 17, '2011/2012');
INSERT into Letnik (id_letnik, naziv_letnik, fk_studij, studijsko_leto) values (53, '3', 17, '2011/2012');
INSERT into Letnik (id_letnik, naziv_letnik, fk_studij, studijsko_leto) values (54, '1', 18, '2011/2012'); -- HUMANISTIKA IN DRUŽBOSL. - BDR
INSERT into Letnik (id_letnik, naziv_letnik, fk_studij, studijsko_leto) values (55, '2', 18, '2011/2012');
INSERT into Letnik (id_letnik, naziv_letnik, fk_studij, studijsko_leto) values (56, '3', 18, '2011/2012');
-- 2012/2013
INSERT into Letnik (id_letnik, naziv_letnik, fk_studij, studijsko_leto) values (57, '1', 1, '2012/2013'); -- INFOR.SIST. IN ODLOČ.-MAG
INSERT into Letnik (id_letnik, naziv_letnik, fk_studij, studijsko_leto) values (58, '2', 1, '2012/2013');
INSERT into Letnik (id_letnik, naziv_letnik, fk_studij, studijsko_leto) values (59, '9 - absolvent magisterskega študija', 1, '2012/2013');
INSERT into Letnik (id_letnik, naziv_letnik, fk_studij, studijsko_leto) values (60, '1', 2, '2012/2013'); -- RAČUNALNIŠTVO IN MATEMATIKA - UN
INSERT into Letnik (id_letnik, naziv_letnik, fk_studij, studijsko_leto) values (61, '2', 2, '2012/2013');
INSERT into Letnik (id_letnik, naziv_letnik, fk_studij, studijsko_leto) values (62, '3', 2, '2012/2013');
INSERT into Letnik (id_letnik, naziv_letnik, fk_studij, studijsko_leto) values (63, '4', 2, '2012/2013');
INSERT into Letnik (id_letnik, naziv_letnik, fk_studij, studijsko_leto) values (64, '8 - absolvent univerzitetnega študija', 2, '2012/2013');
INSERT into Letnik (id_letnik, naziv_letnik, fk_studij, studijsko_leto) values (65, '2', 3, '2012/2013'); -- RI-LOGIKA IN SISTEMI -VS
INSERT into Letnik (id_letnik, naziv_letnik, fk_studij, studijsko_leto) values (66, '3', 3, '2012/2013');
INSERT into Letnik (id_letnik, naziv_letnik, fk_studij, studijsko_leto) values (67, '7 - absolvent visokošolskega študija', 3, '2012/2013');
INSERT into Letnik (id_letnik, naziv_letnik, fk_studij, studijsko_leto) values (68, '2', 4, '2012/2013'); -- RI-PROGRAMSKA OPREMA -VS
INSERT into Letnik (id_letnik, naziv_letnik, fk_studij, studijsko_leto) values (69, '3', 4, '2012/2013');
INSERT into Letnik (id_letnik, naziv_letnik, fk_studij, studijsko_leto) values (70, '7 - absolvent visokošolskega študija', 4, '2012/2013');
INSERT into Letnik (id_letnik, naziv_letnik, fk_studij, studijsko_leto) values (71, '2', 5, '2012/2013'); -- RI-INFORMATIKA       -VS
INSERT into Letnik (id_letnik, naziv_letnik, fk_studij, studijsko_leto) values (72, '3', 5, '2012/2013');
INSERT into Letnik (id_letnik, naziv_letnik, fk_studij, studijsko_leto) values (73, '7 - absolvent visokošolskega študija', 5, '2012/2013');
INSERT into Letnik (id_letnik, naziv_letnik, fk_studij, studijsko_leto) values (74, '1', 6, '2012/2013'); -- RAČUNALNIŠTVO IN INFORMATIKA - MAG
INSERT into Letnik (id_letnik, naziv_letnik, fk_studij, studijsko_leto) values (75, '2', 6, '2012/2013');
INSERT into Letnik (id_letnik, naziv_letnik, fk_studij, studijsko_leto) values (76, '9 - absolvent magisterskega študija', 6, '2012/2013');
INSERT into Letnik (id_letnik, naziv_letnik, fk_studij, studijsko_leto) values (77, '1', 7, '2012/2013'); -- RAČUNALNIŠTVO IN INFORMATIKA - VS
INSERT into Letnik (id_letnik, naziv_letnik, fk_studij, studijsko_leto) values (78, '1', 8, '2012/2013'); -- RI - BREZ SMERI - UN
INSERT into Letnik (id_letnik, naziv_letnik, fk_studij, studijsko_leto) values (79, '2', 8, '2012/2013');
INSERT into Letnik (id_letnik, naziv_letnik, fk_studij, studijsko_leto) values (80, '3', 9, '2012/2013'); -- RI - LOGIKA IN SISTEMI - UN
INSERT into Letnik (id_letnik, naziv_letnik, fk_studij, studijsko_leto) values (81, '4', 9, '2012/2013');
INSERT into Letnik (id_letnik, naziv_letnik, fk_studij, studijsko_leto) values (82, '8 - absolvent univerzitetnega študija', 9, '2012/2013');
INSERT into Letnik (id_letnik, naziv_letnik, fk_studij, studijsko_leto) values (83, '3', 10, '2012/2013'); -- RI - PROGRAMSKA OPREMA - UN
INSERT into Letnik (id_letnik, naziv_letnik, fk_studij, studijsko_leto) values (84, '4', 10, '2012/2013');
INSERT into Letnik (id_letnik, naziv_letnik, fk_studij, studijsko_leto) values (85, '8 - absolvent univerzitetnega študija', 10, '2012/2013');
INSERT into Letnik (id_letnik, naziv_letnik, fk_studij, studijsko_leto) values (86, '3', 11, '2012/2013'); -- RI - INFORMATIKA - UN
INSERT into Letnik (id_letnik, naziv_letnik, fk_studij, studijsko_leto) values (87, '4', 11, '2012/2013');
INSERT into Letnik (id_letnik, naziv_letnik, fk_studij, studijsko_leto) values (88, '8 - absolvent univerzitetnega študija', 11, '2012/2013');
INSERT into Letnik (id_letnik, naziv_letnik, fk_studij, studijsko_leto) values (89, '3', 12, '2012/2013'); -- RI - RAČUNALNI©KI SISTEMI - UN
INSERT into Letnik (id_letnik, naziv_letnik, fk_studij, studijsko_leto) values (90, '4', 12, '2012/2013');
INSERT into Letnik (id_letnik, naziv_letnik, fk_studij, studijsko_leto) values (91, '8 - absolvent univerzitetnega študija', 12, '2012/2013');
INSERT into Letnik (id_letnik, naziv_letnik, fk_studij, studijsko_leto) values (92, '1', 13, '2012/2013'); -- RAČUNALNIŠTVO IN INFORMATIKA - BUN
INSERT into Letnik (id_letnik, naziv_letnik, fk_studij, studijsko_leto) values (93, '2', 13, '2012/2013');
INSERT into Letnik (id_letnik, naziv_letnik, fk_studij, studijsko_leto) values (94, '3', 13, '2012/2013');
INSERT into Letnik (id_letnik, naziv_letnik, fk_studij, studijsko_leto) values (95, '8 - absolvent univerzitetnega študija', 13, '2012/2013');
INSERT into Letnik (id_letnik, naziv_letnik, fk_studij, studijsko_leto) values (96, '1', 14, '2012/2013'); -- RAČUNALNIŠTVO IN INFORMATIKA - BVS
INSERT into Letnik (id_letnik, naziv_letnik, fk_studij, studijsko_leto) values (97, '2', 14, '2012/2013');
INSERT into Letnik (id_letnik, naziv_letnik, fk_studij, studijsko_leto) values (98, '3', 14, '2012/2013');
INSERT into Letnik (id_letnik, naziv_letnik, fk_studij, studijsko_leto) values (99, '7 - absolvent visokošolskega študija', 14, '2012/2013');
INSERT into Letnik (id_letnik, naziv_letnik, fk_studij, studijsko_leto) values (100, '1', 15, '2012/2013'); -- RAČUNALNIŠTVO IN MATEMATIKA - BUN
INSERT into Letnik (id_letnik, naziv_letnik, fk_studij, studijsko_leto) values (101, '2', 15, '2012/2013');
INSERT into Letnik (id_letnik, naziv_letnik, fk_studij, studijsko_leto) values (102, '3', 15, '2012/2013');
INSERT into Letnik (id_letnik, naziv_letnik, fk_studij, studijsko_leto) values (103, '8 - absolvent univerzitetnega študija', 15, '2012/2013');
INSERT into Letnik (id_letnik, naziv_letnik, fk_studij, studijsko_leto) values (104, '1', 16, '2012/2013'); -- KOGNITIVNE ZNANOSTI - BMA
INSERT into Letnik (id_letnik, naziv_letnik, fk_studij, studijsko_leto) values (105, '2', 16, '2012/2013');
INSERT into Letnik (id_letnik, naziv_letnik, fk_studij, studijsko_leto) values (106, '9 - absolvent magisterskega študija', 16, '2012/2013');
INSERT into Letnik (id_letnik, naziv_letnik, fk_studij, studijsko_leto) values (107, '1', 17, '2012/2013'); -- RAČUNALNIŠTVO IN INFORMATIKA - BDR
INSERT into Letnik (id_letnik, naziv_letnik, fk_studij, studijsko_leto) values (108, '2', 17, '2012/2013');
INSERT into Letnik (id_letnik, naziv_letnik, fk_studij, studijsko_leto) values (109, '3', 17, '2012/2013');
INSERT into Letnik (id_letnik, naziv_letnik, fk_studij, studijsko_leto) values (110, '1', 18, '2012/2013'); -- HUMANISTIKA IN DRUŽBOSL. - BDR
INSERT into Letnik (id_letnik, naziv_letnik, fk_studij, studijsko_leto) values (111, '2', 18, '2012/2013');
INSERT into Letnik (id_letnik, naziv_letnik, fk_studij, studijsko_leto) values (112, '3', 18, '2012/2013');
-- 2013/2014
INSERT into Letnik (id_letnik, naziv_letnik, fk_studij, studijsko_leto) values (113, '1', 1, '2013/2014'); -- INFOR.SIST. IN ODLOČ.-MAG
INSERT into Letnik (id_letnik, naziv_letnik, fk_studij, studijsko_leto) values (114, '2', 1, '2013/2014');
INSERT into Letnik (id_letnik, naziv_letnik, fk_studij, studijsko_leto) values (115, '9 - absolvent magisterskega študija', 1, '2013/2014');
INSERT into Letnik (id_letnik, naziv_letnik, fk_studij, studijsko_leto) values (116, '1', 2, '2013/2014'); -- RAČUNALNIŠTVO IN MATEMATIKA - UN
INSERT into Letnik (id_letnik, naziv_letnik, fk_studij, studijsko_leto) values (117, '2', 2, '2013/2014');
INSERT into Letnik (id_letnik, naziv_letnik, fk_studij, studijsko_leto) values (118, '3', 2, '2013/2014');
INSERT into Letnik (id_letnik, naziv_letnik, fk_studij, studijsko_leto) values (119, '4', 2, '2013/2014');
INSERT into Letnik (id_letnik, naziv_letnik, fk_studij, studijsko_leto) values (120, '8 - absolvent univerzitetnega študija', 2, '2013/2014');
INSERT into Letnik (id_letnik, naziv_letnik, fk_studij, studijsko_leto) values (121, '2', 3, '2013/2014'); -- RI-LOGIKA IN SISTEMI -VS
INSERT into Letnik (id_letnik, naziv_letnik, fk_studij, studijsko_leto) values (122, '3', 3, '2013/2014');
INSERT into Letnik (id_letnik, naziv_letnik, fk_studij, studijsko_leto) values (123, '7 - absolvent visokošolskega študija', 3, '2013/2014');
INSERT into Letnik (id_letnik, naziv_letnik, fk_studij, studijsko_leto) values (124, '2', 4, '2013/2014'); -- RI-PROGRAMSKA OPREMA -VS
INSERT into Letnik (id_letnik, naziv_letnik, fk_studij, studijsko_leto) values (125, '3', 4, '2013/2014');
INSERT into Letnik (id_letnik, naziv_letnik, fk_studij, studijsko_leto) values (126, '7 - absolvent visokošolskega študija', 4, '2013/2014');
INSERT into Letnik (id_letnik, naziv_letnik, fk_studij, studijsko_leto) values (127, '2', 5, '2013/2014'); -- RI-INFORMATIKA       -VS
INSERT into Letnik (id_letnik, naziv_letnik, fk_studij, studijsko_leto) values (128, '3', 5, '2013/2014');
INSERT into Letnik (id_letnik, naziv_letnik, fk_studij, studijsko_leto) values (129, '7 - absolvent visokošolskega študija', 5, '2013/2014');
INSERT into Letnik (id_letnik, naziv_letnik, fk_studij, studijsko_leto) values (130, '1', 6, '2013/2014'); -- RAČUNALNIŠTVO IN INFORMATIKA - MAG
INSERT into Letnik (id_letnik, naziv_letnik, fk_studij, studijsko_leto) values (131, '2', 6, '2013/2014');
INSERT into Letnik (id_letnik, naziv_letnik, fk_studij, studijsko_leto) values (132, '9 - absolvent magisterskega študija', 6, '2013/2014');
INSERT into Letnik (id_letnik, naziv_letnik, fk_studij, studijsko_leto) values (133, '1', 7, '2013/2014'); -- RAČUNALNIŠTVO IN INFORMATIKA - VS
INSERT into Letnik (id_letnik, naziv_letnik, fk_studij, studijsko_leto) values (134, '1', 8, '2013/2014'); -- RI - BREZ SMERI - UN
INSERT into Letnik (id_letnik, naziv_letnik, fk_studij, studijsko_leto) values (135, '2', 8, '2013/2014');
INSERT into Letnik (id_letnik, naziv_letnik, fk_studij, studijsko_leto) values (136, '3', 9, '2013/2014'); -- RI - LOGIKA IN SISTEMI - UN
INSERT into Letnik (id_letnik, naziv_letnik, fk_studij, studijsko_leto) values (137, '4', 9, '2013/2014');
INSERT into Letnik (id_letnik, naziv_letnik, fk_studij, studijsko_leto) values (138, '8 - absolvent univerzitetnega študija', 9, '2013/2014');
INSERT into Letnik (id_letnik, naziv_letnik, fk_studij, studijsko_leto) values (139, '3', 10, '2013/2014'); -- RI - PROGRAMSKA OPREMA - UN
INSERT into Letnik (id_letnik, naziv_letnik, fk_studij, studijsko_leto) values (140, '4', 10, '2013/2014');
INSERT into Letnik (id_letnik, naziv_letnik, fk_studij, studijsko_leto) values (141, '8 - absolvent univerzitetnega študija', 10, '2013/2014');
INSERT into Letnik (id_letnik, naziv_letnik, fk_studij, studijsko_leto) values (142, '3', 11, '2013/2014'); -- RI - INFORMATIKA - UN
INSERT into Letnik (id_letnik, naziv_letnik, fk_studij, studijsko_leto) values (143, '4', 11, '2013/2014');
INSERT into Letnik (id_letnik, naziv_letnik, fk_studij, studijsko_leto) values (144, '8 - absolvent univerzitetnega študija', 11, '2013/2014');
INSERT into Letnik (id_letnik, naziv_letnik, fk_studij, studijsko_leto) values (145, '3', 12, '2013/2014'); -- RI - RAČUNALNI©KI SISTEMI - UN
INSERT into Letnik (id_letnik, naziv_letnik, fk_studij, studijsko_leto) values (146, '4', 12, '2013/2014');
INSERT into Letnik (id_letnik, naziv_letnik, fk_studij, studijsko_leto) values (147, '8 - absolvent univerzitetnega študija', 12, '2013/2014');
INSERT into Letnik (id_letnik, naziv_letnik, fk_studij, studijsko_leto) values (148, '1', 13, '2013/2014'); -- RAČUNALNIŠTVO IN INFORMATIKA - BUN
INSERT into Letnik (id_letnik, naziv_letnik, fk_studij, studijsko_leto) values (149, '2', 13, '2013/2014');
INSERT into Letnik (id_letnik, naziv_letnik, fk_studij, studijsko_leto) values (150, '3', 13, '2013/2014');
INSERT into Letnik (id_letnik, naziv_letnik, fk_studij, studijsko_leto) values (151, '8 - absolvent univerzitetnega študija', 13, '2013/2014');
INSERT into Letnik (id_letnik, naziv_letnik, fk_studij, studijsko_leto) values (152, '1', 14, '2013/2014'); -- RAČUNALNIŠTVO IN INFORMATIKA - BVS
INSERT into Letnik (id_letnik, naziv_letnik, fk_studij, studijsko_leto) values (153, '2', 14, '2013/2014');
INSERT into Letnik (id_letnik, naziv_letnik, fk_studij, studijsko_leto) values (154, '3', 14, '2013/2014');
INSERT into Letnik (id_letnik, naziv_letnik, fk_studij, studijsko_leto) values (155, '7 - absolvent visokošolskega študija', 14, '2013/2014');
INSERT into Letnik (id_letnik, naziv_letnik, fk_studij, studijsko_leto) values (156, '1', 15, '2013/2014'); -- RAČUNALNIŠTVO IN MATEMATIKA - BUN
INSERT into Letnik (id_letnik, naziv_letnik, fk_studij, studijsko_leto) values (157, '2', 15, '2013/2014');
INSERT into Letnik (id_letnik, naziv_letnik, fk_studij, studijsko_leto) values (158, '3', 15, '2013/2014');
INSERT into Letnik (id_letnik, naziv_letnik, fk_studij, studijsko_leto) values (159, '8 - absolvent univerzitetnega študija', 15, '2013/2014');
INSERT into Letnik (id_letnik, naziv_letnik, fk_studij, studijsko_leto) values (160, '1', 16, '2013/2014'); -- KOGNITIVNE ZNANOSTI - BMA
INSERT into Letnik (id_letnik, naziv_letnik, fk_studij, studijsko_leto) values (161, '2', 16, '2013/2014');
INSERT into Letnik (id_letnik, naziv_letnik, fk_studij, studijsko_leto) values (162, '9 - absolvent magisterskega študija', 16, '2013/2014');
INSERT into Letnik (id_letnik, naziv_letnik, fk_studij, studijsko_leto) values (163, '1', 17, '2013/2014'); -- RAČUNALNIŠTVO IN INFORMATIKA - BDR
INSERT into Letnik (id_letnik, naziv_letnik, fk_studij, studijsko_leto) values (164, '2', 17, '2013/2014');
INSERT into Letnik (id_letnik, naziv_letnik, fk_studij, studijsko_leto) values (165, '3', 17, '2013/2014');
INSERT into Letnik (id_letnik, naziv_letnik, fk_studij, studijsko_leto) values (166, '1', 18, '2013/2014'); -- HUMANISTIKA IN DRUŽBOSL. - BDR
INSERT into Letnik (id_letnik, naziv_letnik, fk_studij, studijsko_leto) values (167, '2', 18, '2013/2014');
INSERT into Letnik (id_letnik, naziv_letnik, fk_studij, studijsko_leto) values (168, '3', 18, '2013/2014');

INSERT INTO Osebje(id_osebje, fk_oseba, sifra_predavatelja) VALUES(1, 1, '630001');
INSERT INTO Osebje(id_osebje, fk_oseba, sifra_predavatelja) VALUES(2, 2, '630002');
INSERT INTO Osebje(id_osebje, fk_oseba, sifra_predavatelja) VALUES(3, 3, '630003');
INSERT INTO Osebje(id_osebje, fk_oseba, sifra_predavatelja) VALUES(4, 4, '630004');
INSERT INTO Osebje(id_osebje, fk_oseba, sifra_predavatelja) VALUES(5, 5, '630005');
INSERT INTO Osebje(id_osebje, fk_oseba, sifra_predavatelja) VALUES(6, 6, '630006');
INSERT INTO Osebje(id_osebje, fk_oseba, sifra_predavatelja) VALUES(7, 7, '630007');
INSERT INTO Osebje(id_osebje, fk_oseba, sifra_predavatelja) VALUES(8, 8, '630008');
INSERT INTO Osebje(id_osebje, fk_oseba, sifra_predavatelja) VALUES(9, 9, '630009');
INSERT INTO Osebje(id_osebje, fk_oseba, sifra_predavatelja) VALUES(10, 10, '6300010');
INSERT INTO Osebje(id_osebje, fk_oseba, sifra_predavatelja) VALUES(11, 11, '6300011');
INSERT INTO Osebje(id_osebje, fk_oseba, sifra_predavatelja) VALUES(12, 12, '6300012');
INSERT INTO Osebje(id_osebje, fk_oseba, sifra_predavatelja) VALUES(13, 13, '6300013');
INSERT INTO Osebje(id_osebje, fk_oseba, sifra_predavatelja) VALUES(14, 14, '6300014');
INSERT INTO Osebje(id_osebje, fk_oseba, sifra_predavatelja) VALUES(15, 15, '6300015');
INSERT INTO Osebje(id_osebje, fk_oseba, sifra_predavatelja) VALUES(16, 16, '6300016');
INSERT INTO Osebje(id_osebje, fk_oseba, sifra_predavatelja) VALUES(17, 17, '6300017');
INSERT INTO Osebje(id_osebje, fk_oseba, sifra_predavatelja) VALUES(18, 18, '6300018');
INSERT INTO Osebje(id_osebje, fk_oseba, sifra_predavatelja) VALUES(19, 19, '6300019');
INSERT INTO Osebje(id_osebje, fk_oseba, sifra_predavatelja) VALUES(20, 20, '6300020');
INSERT INTO Osebje(id_osebje, fk_oseba, sifra_predavatelja) VALUES(21, 21, '6300021');
INSERT INTO Osebje(id_osebje, fk_oseba, sifra_predavatelja) VALUES(22, 22, '6300022');
INSERT INTO Osebje(id_osebje, fk_oseba, sifra_predavatelja) VALUES(23, 23, '6300023');
INSERT INTO Osebje(id_osebje, fk_oseba, sifra_predavatelja) VALUES(24, 24, '6300024');
INSERT INTO Osebje(id_osebje, fk_oseba, sifra_predavatelja) VALUES(25, 25, '6300025');
INSERT INTO Osebje(id_osebje, fk_oseba, sifra_predavatelja) VALUES(26, 26, '6300026');
INSERT INTO Osebje(id_osebje, fk_oseba, sifra_predavatelja) VALUES(27, 27, '6300027');
INSERT INTO Osebje(id_osebje, fk_oseba, sifra_predavatelja) VALUES(28, 28, '6300028');
INSERT INTO Osebje(id_osebje, fk_oseba, sifra_predavatelja) VALUES(29, 29, '6300029');
INSERT INTO Osebje(id_osebje, fk_oseba, sifra_predavatelja) VALUES(30, 30, '6300030');
INSERT INTO Osebje(id_osebje, fk_oseba, sifra_predavatelja) VALUES(31, 31, '6300031');
INSERT INTO Osebje(id_osebje, fk_oseba, sifra_predavatelja) VALUES(32, 32, '6300032');
INSERT INTO Osebje(id_osebje, fk_oseba, sifra_predavatelja) VALUES(33, 33, '6300033');
INSERT INTO Osebje(id_osebje, fk_oseba, sifra_predavatelja) VALUES(34, 34, '6300034');
INSERT INTO Osebje(id_osebje, fk_oseba, sifra_predavatelja) VALUES(35, 35, '6300035');
INSERT INTO Osebje(id_osebje, fk_oseba, sifra_predavatelja) VALUES(36, 36, '6300036');
INSERT INTO Osebje(id_osebje, fk_oseba, sifra_predavatelja) VALUES(37, 37, '6300037');
INSERT INTO Osebje(id_osebje, fk_oseba, sifra_predavatelja) VALUES(38, 38, '6300038');
INSERT INTO Osebje(id_osebje, fk_oseba, sifra_predavatelja) VALUES(39, 39, '6300039');
INSERT INTO Osebje(id_osebje, fk_oseba, sifra_predavatelja) VALUES(40, 40, '6300040');

INSERT INTO Kombinacije_izvajalcev(id_kombinacije_izvajalcev, izvajalec_1) VALUES(1, 1);
INSERT INTO Kombinacije_izvajalcev(id_kombinacije_izvajalcev, izvajalec_1) VALUES(2, 2);
INSERT INTO Kombinacije_izvajalcev(id_kombinacije_izvajalcev, izvajalec_1) VALUES(3, 3);
INSERT INTO Kombinacije_izvajalcev(id_kombinacije_izvajalcev, izvajalec_1) VALUES(4, 4);
INSERT INTO Kombinacije_izvajalcev(id_kombinacije_izvajalcev, izvajalec_1) VALUES(5, 5);
INSERT INTO Kombinacije_izvajalcev(id_kombinacije_izvajalcev, izvajalec_1) VALUES(6, 6);
INSERT INTO Kombinacije_izvajalcev(id_kombinacije_izvajalcev, izvajalec_1) VALUES(7, 7);
INSERT INTO Kombinacije_izvajalcev(id_kombinacije_izvajalcev, izvajalec_1) VALUES(8, 8);
INSERT INTO Kombinacije_izvajalcev(id_kombinacije_izvajalcev, izvajalec_1) VALUES(9, 9);
INSERT INTO Kombinacije_izvajalcev(id_kombinacije_izvajalcev, izvajalec_1) VALUES(10, 10);
INSERT INTO Kombinacije_izvajalcev(id_kombinacije_izvajalcev, izvajalec_1) VALUES(11, 11);
INSERT INTO Kombinacije_izvajalcev(id_kombinacije_izvajalcev, izvajalec_1) VALUES(12, 12);
INSERT INTO Kombinacije_izvajalcev(id_kombinacije_izvajalcev, izvajalec_1) VALUES(13, 13);
INSERT INTO Kombinacije_izvajalcev(id_kombinacije_izvajalcev, izvajalec_1) VALUES(14, 14);
INSERT INTO Kombinacije_izvajalcev(id_kombinacije_izvajalcev, izvajalec_1) VALUES(15, 15);
INSERT INTO Kombinacije_izvajalcev(id_kombinacije_izvajalcev, izvajalec_1) VALUES(16, 16);
INSERT INTO Kombinacije_izvajalcev(id_kombinacije_izvajalcev, izvajalec_1) VALUES(17, 17);
INSERT INTO Kombinacije_izvajalcev(id_kombinacije_izvajalcev, izvajalec_1) VALUES(18, 18);
INSERT INTO Kombinacije_izvajalcev(id_kombinacije_izvajalcev, izvajalec_1) VALUES(19, 19);
INSERT INTO Kombinacije_izvajalcev(id_kombinacije_izvajalcev, izvajalec_1) VALUES(20, 20);
INSERT INTO Kombinacije_izvajalcev(id_kombinacije_izvajalcev, izvajalec_1) VALUES(21, 21);
INSERT INTO Kombinacije_izvajalcev(id_kombinacije_izvajalcev, izvajalec_1) VALUES(22, 22);
INSERT INTO Kombinacije_izvajalcev(id_kombinacije_izvajalcev, izvajalec_1) VALUES(23, 23);
INSERT INTO Kombinacije_izvajalcev(id_kombinacije_izvajalcev, izvajalec_1) VALUES(24, 24);
INSERT INTO Kombinacije_izvajalcev(id_kombinacije_izvajalcev, izvajalec_1) VALUES(25, 25);
INSERT INTO Kombinacije_izvajalcev(id_kombinacije_izvajalcev, izvajalec_1) VALUES(26, 26);
INSERT INTO Kombinacije_izvajalcev(id_kombinacije_izvajalcev, izvajalec_1) VALUES(27, 27);
INSERT INTO Kombinacije_izvajalcev(id_kombinacije_izvajalcev, izvajalec_1) VALUES(28, 28);
INSERT INTO Kombinacije_izvajalcev(id_kombinacije_izvajalcev, izvajalec_1) VALUES(29, 29);
INSERT INTO Kombinacije_izvajalcev(id_kombinacije_izvajalcev, izvajalec_1) VALUES(30, 30);
INSERT INTO Kombinacije_izvajalcev(id_kombinacije_izvajalcev, izvajalec_1) VALUES(31, 31);
INSERT INTO Kombinacije_izvajalcev(id_kombinacije_izvajalcev, izvajalec_1) VALUES(32, 32);
INSERT INTO Kombinacije_izvajalcev(id_kombinacije_izvajalcev, izvajalec_1) VALUES(33, 33);
INSERT INTO Kombinacije_izvajalcev(id_kombinacije_izvajalcev, izvajalec_1) VALUES(34, 34);
INSERT INTO Kombinacije_izvajalcev(id_kombinacije_izvajalcev, izvajalec_1) VALUES(35, 35);
INSERT INTO Kombinacije_izvajalcev(id_kombinacije_izvajalcev, izvajalec_1) VALUES(36, 36);
INSERT INTO Kombinacije_izvajalcev(id_kombinacije_izvajalcev, izvajalec_1) VALUES(37, 37);
INSERT INTO Kombinacije_izvajalcev(id_kombinacije_izvajalcev, izvajalec_1) VALUES(38, 38);
INSERT INTO Kombinacije_izvajalcev(id_kombinacije_izvajalcev, izvajalec_1) VALUES(39, 39);
INSERT INTO Kombinacije_izvajalcev(id_kombinacije_izvajalcev, izvajalec_1) VALUES(40, 40);
INSERT INTO Kombinacije_izvajalcev(id_kombinacije_izvajalcev, izvajalec_1, izvajalec_2, izvajalec_3) VALUES(41, 15, 37, 29);
INSERT INTO Kombinacije_izvajalcev(id_kombinacije_izvajalcev, izvajalec_1, izvajalec_2) VALUES(42, 8, 25);

INSERT INTO Predmet_izvajalec(id_predmet_izvajalca, fk_kombinacije_izvajalcev, fk_predmeta) VALUES (1, 22, 1);
INSERT INTO Predmet_izvajalec(id_predmet_izvajalca, fk_kombinacije_izvajalcev, fk_predmeta) VALUES (2, 10, 2);
INSERT INTO Predmet_izvajalec(id_predmet_izvajalca, fk_kombinacije_izvajalcev, fk_predmeta) VALUES (3, 18, 3);
INSERT INTO Predmet_izvajalec(id_predmet_izvajalca, fk_kombinacije_izvajalcev, fk_predmeta) VALUES (4, 14, 4);
INSERT INTO Predmet_izvajalec(id_predmet_izvajalca, fk_kombinacije_izvajalcev, fk_predmeta) VALUES (5, 38, 5);
INSERT INTO Predmet_izvajalec(id_predmet_izvajalca, fk_kombinacije_izvajalcev, fk_predmeta) VALUES (6, 2, 6);
INSERT INTO Predmet_izvajalec(id_predmet_izvajalca, fk_kombinacije_izvajalcev, fk_predmeta) VALUES (7, 8, 6);
INSERT INTO Predmet_izvajalec(id_predmet_izvajalca, fk_kombinacije_izvajalcev, fk_predmeta) VALUES (8, 24, 7);
INSERT INTO Predmet_izvajalec(id_predmet_izvajalca, fk_kombinacije_izvajalcev, fk_predmeta) VALUES (9, 16, 8);
INSERT INTO Predmet_izvajalec(id_predmet_izvajalca, fk_kombinacije_izvajalcev, fk_predmeta) VALUES (10, 32, 9);
INSERT INTO Predmet_izvajalec(id_predmet_izvajalca, fk_kombinacije_izvajalcev, fk_predmeta) VALUES (11, 4, 10);
INSERT INTO Predmet_izvajalec(id_predmet_izvajalca, fk_kombinacije_izvajalcev, fk_predmeta) VALUES (12, 11, 11);
INSERT INTO Predmet_izvajalec(id_predmet_izvajalca, fk_kombinacije_izvajalcev, fk_predmeta) VALUES (13, 7, 12);
INSERT INTO Predmet_izvajalec(id_predmet_izvajalca, fk_kombinacije_izvajalcev, fk_predmeta) VALUES (14, 6, 13);
INSERT INTO Predmet_izvajalec(id_predmet_izvajalca, fk_kombinacije_izvajalcev, fk_predmeta) VALUES (15, 1, 14);
INSERT INTO Predmet_izvajalec(id_predmet_izvajalca, fk_kombinacije_izvajalcev, fk_predmeta) VALUES (16, 20, 15);
INSERT INTO Predmet_izvajalec(id_predmet_izvajalca, fk_kombinacije_izvajalcev, fk_predmeta) VALUES (17, 3, 16);
INSERT INTO Predmet_izvajalec(id_predmet_izvajalca, fk_kombinacije_izvajalcev, fk_predmeta) VALUES (18, 11, 17);
INSERT INTO Predmet_izvajalec(id_predmet_izvajalca, fk_kombinacije_izvajalcev, fk_predmeta) VALUES (19, 7, 18);
INSERT INTO Predmet_izvajalec(id_predmet_izvajalca, fk_kombinacije_izvajalcev, fk_predmeta) VALUES (20, 10, 19);
INSERT INTO Predmet_izvajalec(id_predmet_izvajalca, fk_kombinacije_izvajalcev, fk_predmeta) VALUES (21, 1, 20);
INSERT INTO Predmet_izvajalec(id_predmet_izvajalca, fk_kombinacije_izvajalcev, fk_predmeta) VALUES (22, 38, 21);
INSERT INTO Predmet_izvajalec(id_predmet_izvajalca, fk_kombinacije_izvajalcev, fk_predmeta) VALUES (23, 12, 22);
INSERT INTO Predmet_izvajalec(id_predmet_izvajalca, fk_kombinacije_izvajalcev, fk_predmeta) VALUES (24, 39, 23);
INSERT INTO Predmet_izvajalec(id_predmet_izvajalca, fk_kombinacije_izvajalcev, fk_predmeta) VALUES (25, 13, 25);
INSERT INTO Predmet_izvajalec(id_predmet_izvajalca, fk_kombinacije_izvajalcev, fk_predmeta) VALUES (26, 41, 26);
INSERT INTO Predmet_izvajalec(id_predmet_izvajalca, fk_kombinacije_izvajalcev, fk_predmeta) VALUES (27, 40, 27);
INSERT INTO Predmet_izvajalec(id_predmet_izvajalca, fk_kombinacije_izvajalcev, fk_predmeta) VALUES (28, 16, 28);
INSERT INTO Predmet_izvajalec(id_predmet_izvajalca, fk_kombinacije_izvajalcev, fk_predmeta) VALUES (29, 30, 29);
INSERT INTO Predmet_izvajalec(id_predmet_izvajalca, fk_kombinacije_izvajalcev, fk_predmeta) VALUES (30, 20, 30);
INSERT INTO Predmet_izvajalec(id_predmet_izvajalca, fk_kombinacije_izvajalcev, fk_predmeta) VALUES (31, 5, 31);
INSERT INTO Predmet_izvajalec(id_predmet_izvajalca, fk_kombinacije_izvajalcev, fk_predmeta) VALUES (32, 28, 32);
INSERT INTO Predmet_izvajalec(id_predmet_izvajalca, fk_kombinacije_izvajalcev, fk_predmeta) VALUES (33, 22, 33);
INSERT INTO Predmet_izvajalec(id_predmet_izvajalca, fk_kombinacije_izvajalcev, fk_predmeta) VALUES (34, 23, 34);
INSERT INTO Predmet_izvajalec(id_predmet_izvajalca, fk_kombinacije_izvajalcev, fk_predmeta) VALUES (35, 31, 35);
INSERT INTO Predmet_izvajalec(id_predmet_izvajalca, fk_kombinacije_izvajalcev, fk_predmeta) VALUES (36, 14, 36);
INSERT INTO Predmet_izvajalec(id_predmet_izvajalca, fk_kombinacije_izvajalcev, fk_predmeta) VALUES (37, 19, 37);
INSERT INTO Predmet_izvajalec(id_predmet_izvajalca, fk_kombinacije_izvajalcev, fk_predmeta) VALUES (38, 3, 38);
INSERT INTO Predmet_izvajalec(id_predmet_izvajalca, fk_kombinacije_izvajalcev, fk_predmeta) VALUES (39, 23, 39);
INSERT INTO Predmet_izvajalec(id_predmet_izvajalca, fk_kombinacije_izvajalcev, fk_predmeta) VALUES (40, 25, 40);
INSERT INTO Predmet_izvajalec(id_predmet_izvajalca, fk_kombinacije_izvajalcev, fk_predmeta) VALUES (41, 21, 41);
INSERT INTO Predmet_izvajalec(id_predmet_izvajalca, fk_kombinacije_izvajalcev, fk_predmeta) VALUES (42, 30, 42);
INSERT INTO Predmet_izvajalec(id_predmet_izvajalca, fk_kombinacije_izvajalcev, fk_predmeta) VALUES (43, 42, 43);
INSERT INTO Predmet_izvajalec(id_predmet_izvajalca, fk_kombinacije_izvajalcev, fk_predmeta) VALUES (44, 9, 44);
INSERT INTO Predmet_izvajalec(id_predmet_izvajalca, fk_kombinacije_izvajalcev, fk_predmeta) VALUES (45, 35, 45);
INSERT INTO Predmet_izvajalec(id_predmet_izvajalca, fk_kombinacije_izvajalcev, fk_predmeta) VALUES (46, 32, 46);
INSERT INTO Predmet_izvajalec(id_predmet_izvajalca, fk_kombinacije_izvajalcev, fk_predmeta) VALUES (47, 9, 47);
INSERT INTO Predmet_izvajalec(id_predmet_izvajalca, fk_kombinacije_izvajalcev, fk_predmeta) VALUES (48, 27, 48);
INSERT INTO Predmet_izvajalec(id_predmet_izvajalca, fk_kombinacije_izvajalcev, fk_predmeta) VALUES (49, 36, 49);
INSERT INTO Predmet_izvajalec(id_predmet_izvajalca, fk_kombinacije_izvajalcev, fk_predmeta) VALUES (50, 36, 50);
INSERT INTO Predmet_izvajalec(id_predmet_izvajalca, fk_kombinacije_izvajalcev, fk_predmeta) VALUES (51, 36, 51);
INSERT INTO Predmet_izvajalec(id_predmet_izvajalca, fk_kombinacije_izvajalcev, fk_predmeta) VALUES (52, 10, 53);
INSERT INTO Predmet_izvajalec(id_predmet_izvajalca, fk_kombinacije_izvajalcev, fk_predmeta) VALUES (53, 10, 54);


INSERT into Letnik (id_letnik, naziv_letnik, fk_studij, studijsko_leto) values (169, '8 - absolvent univerzitetnega študija', 12, '2009/2010');
INSERT into Letnik (id_letnik, naziv_letnik, fk_studij, studijsko_leto) values (170, '1', 13, '2009/2010'); -- RAČUNALNIŠTVO IN INFORMATIKA - BUN
INSERT into Letnik (id_letnik, naziv_letnik, fk_studij, studijsko_leto) values (171, '2', 13, '2009/2010');
INSERT into Letnik (id_letnik, naziv_letnik, fk_studij, studijsko_leto) values (172, '3', 13, '2009/2010');

INSERT into Letnik (id_letnik, naziv_letnik, fk_studij, studijsko_leto) values (173, '8 - absolvent univerzitetnega študija', 12, '2010/2011');
INSERT into Letnik (id_letnik, naziv_letnik, fk_studij, studijsko_leto) values (174, '1', 13, '2010/2011'); -- RAČUNALNIŠTVO IN INFORMATIKA - BUN
INSERT into Letnik (id_letnik, naziv_letnik, fk_studij, studijsko_leto) values (175, '2', 13, '2010/2011');
INSERT into Letnik (id_letnik, naziv_letnik, fk_studij, studijsko_leto) values (176, '3', 13, '2010/2011');


